"Name","Team","Number","Position","Price","PriceChg","TotalPriceChg","PricedAt","Breakeven","LastScore","Played","Last3Avg","SeasonAvg","LiveScore","Playing","RoundID"
"Caitlin Gould","Adelaide Crows",1,"Ruck",40300,-1300,-2900,52.9514624054397,60.6843448707858,50,1,47.3333333333333,52,50,0,10
"Eloise Jones","Adelaide Crows",2,"Forward",43900,0,12500,57.4379268968064,36.6135347978586,0,0,62.3333333333333,60,0,0,10
"Zoe Prowse","Adelaide Crows",4,"Ruck",17100,0,0,20.2594789785917,20.2594789785917,0,0,0,0,0,0,10
"Rachelle Martin","Adelaide Crows",5,"Midfielder",36400,200,-6500,47.8271273339455,40.9909566574839,50,1,47.3333333333333,48,50,0,10
"Hannah Button","Adelaide Crows",6,"Midfielder",28500,-1800,-9400,37.4470639839958,48.5536830972058,50,1,29.3333333333333,37,50,0,10
"Nikki Gore","Adelaide Crows",7,"Midfielder",31400,0,1000,40.4989993715061,36.3575744765307,0,0,44.6666666666667,40,0,0,10
"Najwa Allen","Adelaide Crows",8,"Midfielder",26100,-1000,-9300,34.2936270169225,33.8397518890201,31,1,29,33,31,0,10
"Deni Varnhagen","Adelaide Crows",9,"Midfielder",29600,0,0,35.069039635457,35.069039635457,0,0,0,0,0,0,10
"McKenzie Dowrick","Adelaide Crows",9,"Midfielder",16400,0,0,19.4301435818072,19.4301435818072,0,0,0,0,0,0,10
"Ebony Marinoff","Adelaide Crows",10,"Midfielder",83100,-200,6900,109.187754984914,130.543118083432,85,1,113.333333333333,102,85,0,10
"Jasmine Simmons","Adelaide Crows",11,"Ruck",19700,0,5400,25.0525467440361,38.9113733075435,0,0,25,28,0,0,10
"Chelsea Biddell","Adelaide Crows",12,"Forward",25600,1800,3000,33.6366609821155,19.521266220648,40,1,39.6666666666667,31,40,0,10
"Erin Phillips","Adelaide Crows",13,"Midfielder",58000,-3100,-12900,76.2080600376055,97.0603375311557,74,1,63.6666666666667,76,74,0,10
"Stevie-Lee Thompson","Adelaide Crows",14,"Forward",41900,-600,4400,55.0537537168219,55.0742990095763,55,1,52,57,55,0,10
"Danielle Ponter","Adelaide Crows",15,"Forward",39000,2500,3400,51.2433507149416,42.8078821330185,34,1,64,45,34,0,10
"Ailish Considine","Adelaide Crows",16,"Midfielder",20700,200,4000,27.1983938410075,28.5589066706021,23,1,29,28,23,0,10
"Madison Newman","Adelaide Crows",17,"Defender",28100,1400,3400,36.9214911561502,23.0396945625082,56,1,40,40,56,0,10
"Jasmyn Hewett","Adelaide Crows",19,"Ruck",21000,0,-200,26.7930804112349,28.5098201876251,0,0,25,25,0,0,10
"Hannah Munyard","Adelaide Crows",20,"Midfielder",29100,0,3800,38.0738877607532,27.6511039320657,0,0,47,38,0,0,10
"Montana McKinnon","Adelaide Crows",21,"Ruck",33000,-2300,2900,43.3597582972583,63.8960541125541,27,1,36.3333333333333,43,27,0,10
"Lisa Whiteley","Adelaide Crows",22,"Defender",22200,-200,2400,29.1692919454283,33.1343636757182,36,1,28,31,36,0,10
"Justine Mules","Adelaide Crows",23,"Midfielder",29500,0,-5600,38.7609960536097,42.4466544339499,30,1,40,36,30,0,10
"Ashleigh Woodland","Adelaide Crows",24,"Midfielder",40300,0,5900,52.9514624054397,59.8763448707858,57,1,54,53,57,0,10
"Teah Charlton","Adelaide Crows",25,"Midfielder",43700,1000,11300,57.4188314421269,58.1812474157156,53,1,63.3333333333333,54,53,0,10
"Chelsea Randall","Adelaide Crows",26,"Defender",36700,0,-11100,46.6714957109708,85.4577056033933,0,0,26.3333333333333,26,0,0,10
"Abbie Ballard","Adelaide Crows",27,"Forward",21900,200,7600,28.7751123245441,31.774872274695,29,1,30,35,29,0,10
"Brooke Tonon","Adelaide Crows",28,"Defender",16800,600,300,22.0740587695133,17.5515184573003,31,1,24.5,24,31,0,10
"Dayna Cox","Adelaide Crows",31,"Defender",23900,0,0,28.3158799759264,28.3158799759264,0,0,0,0,0,0,10
"Marijana Rajcic","Adelaide Crows",32,"Defender",23600,-700,-5400,31.0087968428878,29.7153235471599,27,1,27.3333333333333,32,27,0,10
"Anne Hatchard","Adelaide Crows",33,"Midfielder",78400,-400,10500,103.012274257729,106.079752800735,87,1,102.666666666667,103,87,0,10
"Sarah Allan","Adelaide Crows",39,"Defender",33500,400,-2300,44.0167243320652,36.6025397809262,62,1,43.6666666666667,46,62,0,10
"Emily Bates","Brisbane Lions",1,"Midfielder",65000,2100,13400,85.4055845249027,72.0871368883642,86,1,94,86,86,0,10
"Tahlia Hickie","Brisbane Lions",2,"Ruck",48100,500,2700,63.200132548428,62.9031212973895,54,1,66,60,54,0,10
"Breanna Koenen","Brisbane Lions",3,"Defender",31500,-900,-6300,41.3888601928375,53.058597107438,39,1,39,40,39,0,10
"Sharni Webb","Brisbane Lions",4,"Defender",13100,0,-1700,16.9968281525301,37.1603114417329,0,0,12,12,0,0,10
"Jade Ellenger","Brisbane Lions",5,"Forward",33900,600,2200,44.5422971599108,42.3205283156238,34,1,48.3333333333333,45,34,0,10
"Lily Postlethwaite","Brisbane Lions",6,"Midfielder",26600,0,0,31.5147450778093,31.5147450778093,0,0,0,0,0,0,10
"Gabrielle Collingwood","Brisbane Lions",7,"Forward",25800,0,-2600,32.8099343145244,56.4164605838054,0,0,4,4,0,0,10
"Maggie Harmer","Brisbane Lions",8,"Defender",16900,0,0,20.0225260080818,20.0225260080818,0,0,0,0,0,0,10
"Orla O'Dwyer","Brisbane Lions",9,"Midfielder",46500,0,-1300,60.8397175558427,90.3094753553627,0,0,49,63,0,0,10
"Natalie Grider","Brisbane Lions",10,"Defender",44500,1300,-200,58.469977097818,47.8012244851109,75,1,62,59,75,0,10
"Phoebe Monahan","Brisbane Lions",11,"Defender",31100,600,1400,40.8632873649919,40.6746085727404,49,1,43.3333333333333,42,49,0,10
"Sophie Conway","Brisbane Lions",12,"Midfielder",46500,3200,1900,61.0978412370458,36.193167158599,68,1,73,59,68,0,10
"Kate Lutkins","Brisbane Lions",13,"Defender",38000,0,-4200,45.8824909626775,81.7983685701478,0,0,2,2,0,0,10
"Dakota Davidson","Brisbane Lions",14,"Forward",29400,600,-10200,38.6296028466483,23.5441573002755,47,1,38.3333333333333,35,47,0,10
"Greta Bodey","Brisbane Lions",15,"Forward",47900,-700,3400,62.9373461345052,72.5681270300407,54,1,61.6666666666667,61,54,0,10
"Bella Smith","Brisbane Lions",16,"Forward",14300,0,0,16.9421373914539,16.9421373914539,0,0,0,0,0,0,10
"Isabel Dawes","Brisbane Lions",17,"Midfielder",39600,300,-5300,52.03170995671,54.8188649350649,38,1,55.3333333333333,47,38,0,10
"Alexandra Anderson","Brisbane Lions",18,"Midfielder",51700,1900,-6400,67.930287999038,49.3210181096681,79,1,73.3333333333333,66,79,0,10
"Luka Yoshida-Martin","Brisbane Lions",19,"Forward",14900,0,600,19.6589669417764,16.1413358668659,0,0,22,22,0,0,10
"Shannon Campbell","Brisbane Lions",20,"Defender",26000,-1700,-8300,34.1622338099611,50.4892547553456,22,1,29,33,22,0,10
"Courtney Hodder","Brisbane Lions",21,"Midfielder",36800,1800,-6400,48.3527001617911,30.5489451921816,54,1,54,45,54,0,10
"Zimmorlei Farquharson","Brisbane Lions",22,"Forward",26000,1900,11700,34.1622338099611,22.8152547553457,36,1,41.6666666666667,38,36,0,10
"Jessica Wuetschner","Brisbane Lions",23,"Forward",33000,0,400,41.9661950534615,43.3480568095907,0,0,41,41,0,0,10
"Lucinda Pullar","Brisbane Lions",24,"Defender",21100,-200,6800,27.723966668853,33.0648952052997,28,1,27.3333333333333,32,28,0,10
"Catherine Svarc","Brisbane Lions",25,"Defender",49800,2500,2600,65.4338170667716,51.5515725698544,47,1,77.3333333333333,58,47,0,10
"Indy Tahau","Brisbane Lions",26,"Ruck",16300,-1900,-11600,21.4170927347064,41.4110327889282,1,1,16.3333333333333,20,1,0,10
"Mikayla Pauga","Brisbane Lions",27,"Forward",14300,0,0,16.9421373914539,16.9421373914539,0,0,0,0,0,0,10
"Maria Moloney","Brisbane Lions",28,"Midfielder",26400,700,-2800,34.6878066378066,23.0792432900433,62,1,34,34,62,0,10
"Ruby Svarc","Brisbane Lions",29,"Defender",23700,-900,9400,31.1401900498491,31.4478206808343,26,1,27,35,26,0,10
"Jesse Wardlaw","Brisbane Lions",30,"Ruck",33800,200,4500,44.4109039529494,38.1640311819494,32,1,45,46,32,0,10
"Taylor Smith","Brisbane Lions",31,"Forward",28500,1200,400,37.4470639839958,20.0716830972058,44,1,40.3333333333333,38,44,0,10
"Grace Egan","Carlton",1,"Midfielder",44200,-1100,-6100,58.0757974769338,66.8437330840876,57,1,54,53,57,0,10
"Jessica Dal Pos","Carlton",2,"Midfielder",29300,700,3700,38.4982096396869,44.0316601666011,34,1,43.6666666666667,36,34,0,10
"Darcy Vescio","Carlton",3,"Forward",37100,1200,-6000,48.7468797826752,54.5324365932048,27,1,57.6666666666667,41,27,0,10
"Madison Prespakis","Carlton",4,"Midfielder",55000,-3000,-7800,72.2662638287638,93.3634235209235,51,1,61.6666666666667,72,51,0,10
"Abbie McKay","Carlton",5,"Midfielder",36200,-200,3300,47.5643409200227,41.7679623901351,40,1,46,48,40,0,10
"Gabriella Pound","Carlton",6,"Defender",48200,2500,5400,63.3315257553894,39.9916184310639,88,1,70,64,88,0,10
"Brooke Walker","Carlton",7,"Forward",24000,1500,-1300,31.5343696707333,29.9793120818575,32,1,39.3333333333333,28,32,0,10
"Vaomua Laloifi","Carlton",8,"Defender",31300,1700,-700,41.1260737789147,30.4036028400892,55,1,46.6666666666667,38,55,0,10
"Kerryn Harrington","Carlton",9,"Defender",44100,0,-4500,57.9444042699725,60.8692359504132,58,1,58.3333333333333,59,58,0,10
"Mimi Hill","Carlton",10,"Midfielder",45900,-100,14100,60.3094819952775,55.6941843565525,76,1,58,72,76,0,10
"Annie Lee","Carlton",11,"Defender",17300,0,-1200,22.0723948149697,11.2854850314866,0,0,22.3333333333333,22,0,0,10
"Lauren Brazzale","Carlton",12,"Midfielder",35900,0,-2600,46.5790939447198,49.2777237220007,0,0,44.6666666666667,43,0,0,10
"Lucy McEvoy","Carlton",13,"Midfielder",40200,0,-2500,52.5969171127931,54.1689270814104,0,0,50,53,0,0,10
"Jess Good","Carlton",15,"Ruck",32300,2100,18000,42.4400058485286,24.2965741768333,65,1,48.3333333333333,48,65,0,10
"Breann Moody","Carlton",16,"Ruck",53500,100,-1800,70.295365724343,63.3359665158074,80,1,68.6666666666667,71,80,0,10
"Charlotte Hammans","Carlton",17,"Midfielder",16000,0,-600,20.0372747917076,25.9237655713245,0,0,13,13,0,0,10
"Madeline Guerin","Carlton",18,"Midfielder",33400,-1500,-1300,43.8853311251039,50.0200426472517,42,1,37,44,42,0,10
"Georgia Gee","Carlton",19,"Midfielder",44400,0,5800,58.3385838908566,65.8647273514364,50,1,60,58,50,0,10
"Charlotte Wilson","Carlton",20,"Defender",24700,0,-6900,32.0474546082055,64.5530299702902,0,0,18.6666666666667,19,0,0,10
"Nicola Stevens","Carlton",21,"Defender",33300,800,-11000,43.7539379181425,40.4095455135773,52,1,46.6666666666667,42,52,0,10
"Courtney Jones","Carlton",22,"Midfielder",31500,1600,17200,41.3888601928375,30.434597107438,61,1,46,45,61,0,10
"Daisy Walker","Carlton",23,"Defender",32100,2300,11600,42.1772194346058,22.6495799094844,61,1,49,44,61,0,10
"Brooke Vickers","Carlton",24,"Defender",19000,0,3100,24.5057639509113,27.283971817009,0,0,27.3333333333333,27,0,0,10
"Keeley Sherar","Carlton",25,"Midfielder",31300,1300,17000,41.1260737789147,39.4936028400892,25,1,48.6666666666667,47,25,0,10
"Paige Trudgeon","Carlton",26,"Midfielder",33200,1900,18900,43.6225447111811,25.5470483799029,58,1,49.3333333333333,45,58,0,10
"Imogen Milford","Carlton",28,"Forward",15300,0,0,18.1269022440031,18.1269022440031,0,0,0,0,0,0,10
"Brooke Vernon","Carlton",31,"Defender",24900,0,0,29.5006448284756,29.5006448284756,0,0,0,0,0,0,10
"Natalie Plane","Carlton",32,"Forward",30000,600,-5400,39.4179620884166,34.3431401023219,57,1,40.3333333333333,37,57,0,10
"Serena Gibbs","Carlton",33,"Ruck",17100,0,0,20.2594789785917,20.2594789785917,0,0,0,0,0,0,10
"Poppy Schaap","Carlton",35,"Forward",13400,0,-900,17.0408185974662,25.3242082101935,0,0,7,7,0,0,10
"Elise O'Dea","Carlton",46,"Midfielder",32800,300,-13200,43.0969718833355,34.7770598452053,42,1,43,41,42,0,10
"Sabrina Frederick","Collingwood",1,"Forward",31100,1100,-3500,40.8632873649919,28.9586085727404,35,1,45,37,35,0,10
"Chloe Molloy","Collingwood",2,"Forward",39300,2700,2200,51.6375303358258,18.1093735340417,80,1,57.6666666666667,51,80,0,10
"Brianna Davey","Collingwood",3,"Midfielder",76800,0,-1500,92.7309291035167,106.368829110193,0,0,77,77,0,0,10
"Imogen Barnett","Collingwood",4,"Forward",13400,0,-900,17.386068491901,18.913830024368,0,0,15.5,16,0,0,10
"Amelia Velardo","Collingwood",5,"Midfielder",31000,1300,16700,40.7318941580305,29.650111439066,42,1,45.3333333333333,43,42,0,10
"Jordyn Allen","Collingwood",6,"Defender",33000,1700,2800,43.3597582972583,22.4860541125541,70,1,46.6666666666667,46,70,0,10
"Sarah Rowe","Collingwood",7,"Midfielder",46900,-100,5700,61.6234140648913,57.8691556932966,57,1,60.6666666666667,62,57,0,10
"Brittany Bonnici","Collingwood",8,"Midfielder",64600,0,-14800,84.5214140668267,148.521907697988,0,0,64.6666666666667,84,0,0,10
"Alana Porter","Collingwood",9,"Midfielder",26000,1900,6600,34.1622338099611,21.8052547553457,32,1,42,34,32,0,10
"Ashleigh Brazill","Collingwood",10,"Defender",33900,0,0,40.1635285014186,40.1635285014186,0,0,0,0,0,0,10
"Imogen Purcell","Collingwood",11,"Defender",14300,0,0,16.9421373914539,16.9421373914539,0,0,0,0,0,0,10
"Stacey Livingstone","Collingwood",12,"Defender",26100,900,-18100,34.2936270169225,22.1237518890201,53,1,35.3333333333333,32,53,0,10
"Jaimee Lambert","Collingwood",13,"Midfielder",66900,1500,300,87.9020554571691,82.5825824281779,73,1,95.6666666666667,84,73,0,10
"Aishling Sheridan","Collingwood",14,"Forward",29000,300,-7200,38.1040300188027,28.5321687655779,49,1,37,39,49,0,10
"Erica Fowler","Collingwood",15,"Ruck",15900,-900,-7100,20.8915199068608,33.6730442542306,9,1,19.3333333333333,18,9,0,10
"Aliesha Newman","Collingwood",16,"Forward",19000,0,200,24.8592394314196,20.2627963817611,0,0,22.3333333333333,25,0,0,10
"Stephanie Chiocci","Collingwood",17,"Midfielder",42200,300,-4500,55.4479333377061,48.9597904105995,66,1,54.6666666666667,53,66,0,10
"Ruby Schleicher","Collingwood",18,"Defender",56300,5800,-800,73.9743755192619,29.8338862586908,128,1,92,69,128,0,10
"Bella Smith","Collingwood",19,"Forward",19700,0,900,25.9920569632882,22.2007460790107,0,0,26.3333333333333,26,0,0,10
"Eliza James","Collingwood",20,"Midfielder",28000,2700,13300,36.7900979491889,21.9131974288338,36,1,48,35,36,0,10
"Sophie Casey","Collingwood",22,"Defender",20300,-100,2000,26.6728210131619,23.8509181359045,19,1,26.3333333333333,27,19,0,10
"Lauren Butler","Collingwood",23,"Forward",38500,-400,5200,50.5863846801347,46.8713964646465,66,1,46.3333333333333,51,66,0,10
"Sophie Alexander","Collingwood",24,"Forward",22600,-200,-2300,29.6948647732739,37.4383522104158,30,1,29.6666666666667,28,30,0,10
"Mikala Cann","Collingwood",25,"Midfielder",47500,2400,4100,62.4117733066597,41.398138495343,70,1,70.3333333333333,58,70,0,10
"Tarni Brown","Collingwood",26,"Midfielder",32400,-1600,-3500,42.57139905549,55.3190713105077,33,1,37,40,33,0,10
"Olivia Meagher","Collingwood",28,"Midfielder",14300,0,0,16.9421373914539,16.9421373914539,0,0,0,0,0,0,10
"Alison Downie","Collingwood",30,"Ruck",33800,2700,11400,44.4109039529494,30.0840311819494,51,1,55.6666666666667,45,51,0,10
"Eloise Chaston","Collingwood",32,"Forward",15400,0,1100,20.3186638190172,15.3164410972977,0,0,20,20,0,0,10
"Joanna Lin","Collingwood",35,"Midfielder",21800,0,0,25.827873785573,25.827873785573,0,0,0,0,0,0,10
"Abbi Moloney","Collingwood",40,"Forward",14900,600,600,19.5775878372469,14.9340729174866,26,1,22.5,22,26,0,10
"Ebony O'Dea","Collingwood",50,"Midfielder",25200,-1600,1600,33.11108815427,50.5672776859504,24,1,28.3333333333333,32,24,0,10
"Ashley Sharp","Fremantle",1,"Forward",25300,0,0,29.9745507694953,29.9745507694953,0,0,0,0,0,0,10
"Kiara Bowers","Fremantle",2,"Midfielder",90900,0,-200,115.59779182908,113.761047393691,0,0,111,114,0,0,10
"Emma O'Driscoll","Fremantle",3,"Defender",29300,0,5500,38.3355639652944,16.1654070518737,0,0,41.3333333333333,39,0,0,10
"Angelique Stannett","Fremantle",4,"Defender",33400,100,10800,43.8853311251039,33.4560426472517,37,1,42.6666666666667,44,37,0,10
"Sarah Verrier","Fremantle",5,"Midfielder",38100,3100,13300,50.0608118522891,22.7714079299489,59,1,60.3333333333333,51,59,0,10
"Sabreena Duffy","Fremantle",6,"Forward",35000,0,0,41.4667698392228,41.4667698392228,0,0,0,0,0,0,10
"Jasmin Stewart","Fremantle",7,"Midfielder",28900,600,-2900,37.9726368118414,39.5256716319034,44,1,40.6666666666667,35,44,0,10
"Dana East","Fremantle",8,"Midfielder",36700,2400,22400,48.2213069548297,35.4824480585072,76,1,56.3333333333333,52,76,0,10
"Gabby O'Sullivan","Fremantle",9,"Forward",60600,0,17700,79.2878899760015,77.2558453018276,0,0,87.6666666666667,79,0,0,10
"Aine Tighe","Fremantle",10,"Ruck",36200,-200,21900,47.5643409200227,51.0599623901351,39,1,48,49,39,0,10
"Mikayla Morrison","Fremantle",11,"Forward",22500,0,8200,29.4385730108916,2.47710097840133,0,0,41.6666666666667,42,0,0,10
"Ebony Antonio","Fremantle",12,"Forward",47800,0,-4200,62.5406128853609,78.2724456341148,0,0,53.3333333333333,61,0,0,10
"Makaela Tuhakaraina","Fremantle",13,"Forward",20600,-200,6300,27.0670006340461,29.0484095369277,22,1,27,28,22,0,10
"Amy Franklin","Fremantle",14,"Forward",17200,0,-500,22.5041535905483,27.1765512276168,0,0,17,17,0,0,10
"Kara Antonio","Fremantle",15,"Midfielder",30500,0,-10900,39.905621192542,47.0392257707218,0,0,31,35,0,0,10
"Maggie Maclachlan","Fremantle",16,"Defender",14300,0,0,18.7892285954786,18.8068175865801,19,1,19,19,19,0,10
"Roxanne Roux","Fremantle",17,"Forward",38200,0,-2500,49.5632698798968,82.5693661888699,0,0,46.6666666666667,43,0,0,10
"Philipa Seth","Fremantle",18,"Defender",31500,0,0,37.3200928553005,37.3200928553005,0,0,0,0,0,0,10
"Hayley Miller","Fremantle",19,"Midfielder",68400,200,13900,89.8729535615899,96.450039433294,109,1,90.6666666666667,92,109,0,10
"Stephanie Cain","Fremantle",20,"Midfielder",47900,1900,200,62.9373461345052,46.7121270300407,68,1,69.6666666666667,59,68,0,10
"Mim Strom","Fremantle",21,"Ruck",38900,-800,4500,51.1119575079802,54.2053849993441,51,1,47.6666666666667,52,51,0,10
"Airlie Runnalls","Fremantle",22,"Midfielder",38400,3400,24100,50.4549914731733,30.5948993309721,46,1,64.6666666666667,50,46,0,10
"Matilda Sergeant","Fremantle",23,"Midfielder",19300,-1800,-3200,25.358888943548,40.8659467991604,6,1,20,20,6,0,10
"Sarah Wielstra","Fremantle",24,"Ruck",16100,1800,1800,21.1543063207836,5.33052889118458,41,1,41,41,41,0,10
"Ann McMahon","Fremantle",25,"Midfielder",19500,-1700,5200,25.6216753574708,34.0289410665092,22,1,18.6666666666667,30,22,0,10
"Bianca Webb","Fremantle",26,"Forward",28300,-500,-500,37.184277570073,41.7450166223928,32,1,32,32,32,0,10
"Gemma Houghton","Fremantle",27,"Forward",37000,-3400,-10500,48.6154865757138,65.7279394595304,27,1,35.6666666666667,48,27,0,10
"Mikayla Hyde","Fremantle",28,"Forward",30100,500,6900,39.549355295378,51.0236372359963,39,1,44.3333333333333,40,39,0,10
"Janelle Cuthbertson","Fremantle",29,"Forward",29900,0,-200,37.4446572670036,42.4878492152168,0,0,35,35,0,0,10
"Jessica Low","Fremantle",30,"Forward",25700,-300,11400,33.7680541890769,22.8697633543224,31,1,30.6666666666667,34,31,0,10
"Laura Pugh","Fremantle",32,"Defender",35000,3200,-1100,45.9876224364861,20.3719967860422,49,1,58,44,49,0,10
"Tiah Toth","Fremantle",33,"Defender",29300,-1600,-16600,38.4982096396869,50.8996601666011,24,1,33.6666666666667,33,24,0,10
"Ellie Hampson","Gold Coast Suns",1,"Defender",38000,200,14400,49.9294186453277,61.6409107962744,36,1,54,53,36,0,10
"Lauren Bella","Gold Coast Suns",2,"Ruck",35800,-400,-3900,47.0387680921772,49.1799738554375,57,1,44.3333333333333,48,57,0,10
"Tori Groves-Little","Gold Coast Suns",3,"Forward",28900,0,-3500,37.8122115562119,24.7948008122577,0,0,39.6666666666667,35,0,0,10
"Claudia Whitfort","Gold Coast Suns",4,"Defender",39400,3400,9400,51.7689235427872,31.7598706677161,83,1,63.6666666666667,54,83,0,10
"Jacqui Yorston","Gold Coast Suns",5,"Midfielder",35000,-1000,-5700,45.9876224364861,55.9239967860422,47,1,42.3333333333333,44,47,0,10
"Maddison Levi","Gold Coast Suns",6,"Defender",38900,0,0,46.0873527641647,46.0873527641647,0,0,0,0,0,0,10
"Lauren Ahrens","Gold Coast Suns",7,"Midfielder",33300,-2800,-23800,43.7539379181425,57.9835455135773,22,1,33,40,22,0,10
"Charlie Rowbottom","Gold Coast Suns",8,"Midfielder",45800,-900,25500,60.1780887883161,74.5656872228781,50,1,58.6666666666667,67,50,0,10
"Shannon Danckert","Gold Coast Suns",9,"Defender",19100,0,4800,24.9900775336902,25.6299479416651,0,0,26.6666666666667,28,0,0,10
"Annise Bradfield","Gold Coast Suns",10,"Forward",14300,0,0,16.9421373914539,16.9421373914539,0,0,0,0,0,0,10
"Teagan Levi","Gold Coast Suns",11,"Midfielder",19300,0,0,22.8659616542,22.8659616542,0,0,0,0,0,0,10
"Tara Bohanna","Gold Coast Suns",12,"Forward",40100,1200,25800,52.6886759915169,39.847350603437,60,1,55.6666666666667,56,60,0,10
"Lucy Single","Gold Coast Suns",13,"Midfielder",28500,0,-4000,37.2888591471294,56.4521945726417,0,0,32.3333333333333,31,0,0,10
"Serene Watson","Gold Coast Suns",14,"Defender",28100,-1800,-13000,36.9214911561502,54.3496945625082,18,1,31.6666666666667,33,18,0,10
"Wallis Randell","Gold Coast Suns",15,"Defender",21600,0,-500,27.5585969944131,32.325529335843,0,0,22,22,0,0,10
"Brittany Perry","Gold Coast Suns",16,"Midfielder",31900,0,700,41.1438878965301,35.2075881958916,0,0,49,49,0,0,10
"Jamie Stanton","Gold Coast Suns",17,"Midfielder",48000,-4100,-2200,63.0687393414666,96.1166241637151,20,1,51,63,20,0,10
"Janet Baird","Gold Coast Suns",18,"Midfielder",14700,400,400,19.3148014233242,15.7223089876033,24,1,24,24,24,0,10
"Ashanti Bush","Gold Coast Suns",19,"Forward",16100,0,-2800,20.4744163745676,33.8739852919518,0,0,11,11,0,0,10
"Daisy D'Arcy","Gold Coast Suns",20,"Midfielder",29200,-1100,-1100,38.3668164327255,57.4491630329267,38,1,36.3333333333333,37,38,0,10
"Alana Barba","Gold Coast Suns",21,"Midfielder",14400,0,100,18.92062180244,18.7955872491145,20,1,19,19,20,0,10
"Giselle Davies","Gold Coast Suns",22,"Defender",14500,0,0,17.1790903619637,17.1790903619637,0,0,0,0,0,0,10
"Kalinda Howarth","Gold Coast Suns",23,"Forward",31800,-2200,-6500,41.7830398137216,58.4580885084612,38,1,33.3333333333333,43,38,0,10
"Hannah Dunn","Gold Coast Suns",24,"Midfielder",26000,-100,-13700,34.1622338099611,30.6932547553457,45,1,32,34,45,0,10
"Dee Heslop","Gold Coast Suns",25,"Midfielder",24400,0,3300,31.6582142688346,28.6635113876551,0,0,35.6666666666667,31,0,0,10
"Kate Surman","Gold Coast Suns",26,"Midfielder",38700,-1500,-10000,50.8491710940575,69.7283907319953,34,1,47.6666666666667,47,34,0,10
"Jacqui Dupuy","Gold Coast Suns",27,"Forward",26700,1600,12400,35.0819862586908,28.2767346910665,38,1,41.6666666666667,36,38,0,10
"Sarah Perkins","Gold Coast Suns",28,"Forward",28100,-200,100,36.9214911561502,32.9376945625082,22,1,36,35,22,0,10
"Cheyenne Hammond","Gold Coast Suns",29,"Defender",23500,-1200,-7700,30.8774036359264,38.2848264134855,25,1,26.3333333333333,26,25,0,10
"Elizabeth Keaney","Gold Coast Suns",30,"Defender",25600,-3500,-11300,33.6366609821155,54.063266220648,16,1,20.3333333333333,36,16,0,10
"Alison Drennan","Gold Coast Suns",33,"Midfielder",62000,-1100,-3900,81.463788316061,102.932222878132,72,1,80,74,72,0,10
"Vivien Saad","Gold Coast Suns",39,"Ruck",35900,1000,1700,47.1701612991386,45.8624709891119,36,1,52.6666666666667,43,36,0,10
"Jade Pregelj","Gold Coast Suns",42,"Midfielder",26900,0,-5100,34.2088074829732,55.0461493387269,0,0,23.6666666666667,24,0,0,10
"Rene Caris","Geelong Cats",1,"Ruck",25200,0,-3700,33.2487226129372,32.7209036137599,0,0,28,28,0,0,10
"Danielle Higgins","Geelong Cats",2,"Midfielder",30900,0,-1800,38.6969869414854,54.9991222596204,0,0,19,19,0,0,10
"Amy McDonald","Geelong Cats",3,"Midfielder",58200,-1600,-10800,76.4708464515283,84.1633317985045,54,1,71.3333333333333,76,54,0,10
"Darcy Moloney","Geelong Cats",4,"Midfielder",32600,-1100,15000,42.8341854694127,51.9160655778565,23,1,40,46,23,0,10
"Jordan Ivey","Geelong Cats",5,"Midfielder",21900,600,-12400,28.7751123245441,22.886872274695,34,1,30.3333333333333,28,34,0,10
"Julia Crockett-Grills","Geelong Cats",6,"Midfielder",32100,2000,-12500,42.1772194346058,29.9215799094844,61,1,48.6666666666667,38,61,0,10
"Madisen Maguire","Geelong Cats",7,"Midfielder",16200,-1500,-9800,21.285699527745,28.7705356552538,14,1,15.3333333333333,16,14,0,10
"Kate Darby","Geelong Cats",8,"Forward",29900,-1000,0,39.2865688814552,46.5486429686475,22,1,36.3333333333333,38,22,0,10
"Nina Morrison","Geelong Cats",9,"Midfielder",44200,200,10400,58.0757974769338,59.1677330840876,68,1,58.6666666666667,59,68,0,10
"Georgie Rankin","Geelong Cats",10,"Midfielder",32500,-500,-200,42.7027922624514,47.7595684441821,33,1,41.6666666666667,42,33,0,10
"Meghan McDonald","Geelong Cats",11,"Defender",27800,-700,-17900,36.5273115352661,45.314203161485,37,1,34.3333333333333,33,37,0,10
"Renee Garing","Geelong Cats",12,"Midfielder",38400,0,0,45.4949703378901,45.4949703378901,0,0,0,0,0,0,10
"Olivia Fuller","Geelong Cats",13,"Ruck",25100,0,10800,32.9796949473086,30.250780552276,42,1,31.6666666666667,37,42,0,10
"Chloe Scheer","Geelong Cats",14,"Forward",33400,-1400,-8300,43.8853311251039,60.7260426472517,19,1,41.6666666666667,37,19,0,10
"Olivia Barber","Geelong Cats",15,"Forward",25600,0,200,33.4945541812812,19.3787993354255,0,0,40,40,0,0,10
"Chantel Emonson","Geelong Cats",16,"Defender",35100,-2000,8800,46.1190156434475,66.5444939197166,26,1,40.6666666666667,44,26,0,10
"Georgia Clarke","Geelong Cats",17,"Defender",16000,0,-1400,20.0372747917076,32.3877655713245,0,0,5,5,0,0,10
"Laura Gardiner","Geelong Cats",18,"Midfielder",38300,1700,-4300,50.3235982662119,33.7104021972977,65,1,55,47,65,0,10
"Zali Friswell","Geelong Cats",20,"Midfielder",23900,0,4800,31.5335107321111,30.1792300146373,0,0,30.3333333333333,33,0,0,10
"Rebecca Webster","Geelong Cats",21,"Defender",57800,-1300,9000,75.9452736236827,87.9393432638069,53,1,73,74,53,0,10
"Rachel Kearns","Geelong Cats",22,"Defender",22400,2600,8100,29.4320783593511,5.89535794306704,45,1,37.3333333333333,31,45,0,10
"Phoebe McWilliams","Geelong Cats",23,"Forward",32500,3000,-3300,42.7027922624514,26.7515684441821,41,1,55.6666666666667,38,41,0,10
"Maddy McMahon","Geelong Cats",24,"Defender",37900,2300,7700,49.7980254383663,30.0124136626,65,1,57.3333333333333,48,65,0,10
"Stephanie Williams","Geelong Cats",25,"Defender",14300,0,0,16.9421373914539,16.9421373914539,0,0,0,0,0,0,10
"Claudia Gunjaca","Geelong Cats",26,"Forward",17100,1400,2800,22.4682383903975,23.5570098583235,18,1,30,22,18,0,10
"Sophie Van De Heuvel","Geelong Cats",27,"Midfielder",27600,-200,-15400,36.2645251213433,34.9812088941362,40,1,34.3333333333333,32,40,0,10
"Carly Remmos","Geelong Cats",29,"Midfielder",19000,0,0,22.5105321984352,22.5105321984352,0,0,0,0,0,0,10
"Annabel Johnson","Geelong Cats",30,"Midfielder",27400,0,9900,35.3398911713142,10.5198961992657,0,0,49.3333333333333,45,0,0,10
"Gabbi Featherston","Geelong Cats",32,"Forward",12500,0,-6200,16.3547627838287,16.6159449880007,0,0,12.6666666666667,16,0,0,10
"Georgie Prespakis","Geelong Cats",41,"Midfielder",40600,-100,20500,53.3456420263238,54.569836271809,58,1,52.6666666666667,56,58,0,10
"Madeline Keryk","Geelong Cats",45,"Midfielder",25100,-1300,-8400,32.9796949473086,31.664780552276,44,1,25,35,44,0,10
"Emily Goodsir","GWS Giants",1,"Forward",33300,0,0,39.4526695898891,39.4526695898891,0,0,0,0,0,0,10
"Alicia Eva","GWS Giants",2,"Midfielder",58300,-2100,1400,76.6022396584897,87.107828932179,65,1,68,80,65,0,10
"Alyce Parker","GWS Giants",3,"Midfielder",60600,-4400,-16900,79.6242834186016,121.50126300669,27,1,67.6666666666667,75,27,0,10
"Katherine Smith","GWS Giants",4,"Defender",25600,0,-5100,33.4945541812812,49.2747993354255,0,0,25.3333333333333,36,0,0,10
"Jessica Doyle","GWS Giants",5,"Forward",16900,0,2600,22.2054519764747,21.9100155909747,23,1,22,24,23,0,10
"Rebecca Beeson","GWS Giants",6,"Midfielder",50700,-3100,-14300,66.6163559294241,69.7700467729241,82,1,49.6666666666667,57,82,0,10
"Katie Loynes","GWS Giants",7,"Midfielder",38400,-900,-5500,50.4549914731733,62.5108993309721,29,1,49.6666666666667,46,29,0,10
"Nicola Barr","GWS Giants",8,"Defender",38100,-100,-400,50.0608118522891,39.3354079299488,61,1,46.6666666666667,52,61,0,10
"Tanya Hetherington","GWS Giants",9,"Defender",32800,1700,3600,43.0969718833355,39.8270598452053,32,1,52,39,32,0,10
"Jasmine Grierson","GWS Giants",10,"Defender",29100,0,-1600,37.756312918979,53.9493025156051,0,0,33.6666666666667,34,0,0,10
"Chloe Dalton","GWS Giants",11,"Midfielder",32300,2400,5600,42.4400058485286,26.9225741768333,55,1,51,47,55,0,10
"Louise Stephenson","GWS Giants",12,"Defender",29800,0,-1400,38.9897544766476,62.9991648513938,0,0,31.3333333333333,38,0,0,10
"Cora Staunton","GWS Giants",13,"Forward",29700,1800,-9500,39.0237824675325,21.8736487012987,57,1,43.6666666666667,39,57,0,10
"Annalyse Lister","GWS Giants",14,"Defender",27800,2300,13500,36.5273115352661,17.640203161485,66,1,43,37,66,0,10
"Brid Stack","GWS Giants",15,"Defender",23900,1200,9600,31.4029764637719,34.7108149481831,37,1,38,31,37,0,10
"Isadora McLeay","GWS Giants",16,"Midfielder",14300,0,0,16.9421373914539,16.9421373914539,0,0,0,0,0,0,10
"Georgia Garnett","GWS Giants",17,"Defender",29800,-800,-6600,39.1551756744939,53.3001458349731,35,1,38,37,35,0,10
"Tarni Evans","GWS Giants",18,"Forward",27400,-300,-300,36.0017387074205,38.7871609700905,33,1,33,33,33,0,10
"Rebecca Privitelli","GWS Giants",19,"Forward",24400,-1600,-11600,32.0599424985789,38.9293006165552,39,1,24.6666666666667,30,39,0,10
"Lisa Steane","GWS Giants",20,"Midfielder",25000,-1300,-6400,32.8483017403472,37.2042834186016,27,1,27,34,27,0,10
"Pepa Randall","GWS Giants",21,"Defender",27300,500,8500,35.8703455004591,48.7717174931129,30,1,41,36,30,0,10
"Ally Morphett","GWS Giants",22,"Ruck",24100,0,9800,31.7973894830074,37.28287210681,0,0,33.3333333333333,34,0,0,10
"Erin McKinnon","GWS Giants",23,"Ruck",23500,1100,-7300,30.8774036359264,17.8828264134855,48,1,32.6666666666667,29,48,0,10
"Haneen Zreika","GWS Giants",24,"Midfielder",34100,1000,-1000,44.8050835738336,38.7155225829726,61,1,47.3333333333333,47,61,0,10
"Erin Lorenzini","GWS Giants",25,"Defender",17700,0,3400,23.1583441019014,34.723826103009,0,0,22,23,0,0,10
"Georgina Fowler","GWS Giants",26,"Forward",13100,0,-1200,16.6593077333438,27.054621459219,0,0,4,4,0,0,10
"Casidhe Simmons","GWS Giants",28,"Forward",13400,0,-900,17.0408185974662,25.3242082101935,0,0,7,7,0,0,10
"Ally Dallaway","GWS Giants",30,"Midfielder",34100,-1500,19800,44.8050835738336,50.6335225829726,41,1,38.3333333333333,47,41,0,10
"Brodee Mowbray","GWS Giants",31,"Midfielder",11100,0,-3200,14.5230293520399,33.7898231493447,0,0,2,2,0,0,10
"Tait Mackrill","GWS Giants",32,"Forward",28200,-2200,-4500,37.0528843631116,46.3861916961826,26,1,28,36,26,0,10
"Emily Pease","GWS Giants",33,"Midfielder",30800,1900,16500,40.4691077441077,41.9411171717172,44,1,50.6666666666667,41,44,0,10
"Libby Graham","GWS Giants",37,"Defender",22000,0,1900,29.026662598596,32.9906301389967,0,0,30.6666666666667,31,0,0,10
"Jessica Allan","GWS Giants",39,"Ruck",26700,0,0,31.6332215630642,31.6332215630642,0,0,0,0,0,0,10
"Georgia Campbell","Melbourne",1,"Ruck",14300,0,0,16.9421373914539,16.9421373914539,0,0,0,0,0,0,10
"Olivia Purcell","Melbourne",2,"Midfielder",47800,700,-1800,62.8059529275438,48.4136298963662,76,1,63,63,76,0,10
"Maddison Gay","Melbourne",3,"Midfielder",50000,-3700,-7300,65.6966034806944,93.3965668372032,47,1,52.3333333333333,57,47,0,10
"Karen Paxman","Melbourne",4,"Midfielder",58800,-100,-12300,77.2592056932966,79.206314600551,64,1,77.6666666666667,70,64,0,10
"Tyla Hanks","Melbourne",5,"Forward",56900,-2700,-9800,74.7627347610302,96.9908690607372,75,1,64.6666666666667,76,75,0,10
"Daisy Pearce","Melbourne",6,"Midfielder",35300,3900,-2100,46.3818020573702,15.4694881870655,102,1,57,47,102,0,10
"Tayla Harris","Melbourne",7,"Forward",43000,3400,16400,56.4990789933972,36.5597674799948,86,1,68.6666666666667,54,86,0,10
"Sarah Lampard","Melbourne",8,"Defender",38500,-3600,7400,50.5863846801347,79.3933964646465,40,1,37.6666666666667,54,40,0,10
"Libby Birch","Melbourne",9,"Defender",35200,-2700,13800,46.2504088504089,71.7109910533911,17,1,38.6666666666667,51,17,0,10
"Kate Hore","Melbourne",10,"Forward",46200,1200,-13300,60.7036616161616,49.1756757575758,86,1,63,60,86,0,10
"Eliza West","Melbourne",11,"Midfielder",37800,0,23500,49.666632231405,50.0959165289256,66,1,48.6666666666667,51,66,0,10
"Shelley Scott","Melbourne",12,"Midfielder",25100,-700,-26200,32.9796949473086,27.624780552276,49,1,27.3333333333333,30,49,0,10
"Maeve Chaplin","Melbourne",13,"Midfielder",14300,0,0,16.9421373914539,16.9421373914539,0,0,0,0,0,0,10
"Lily Mithen","Melbourne",14,"Midfielder",64000,3100,3600,84.0916524552888,59.4081655516201,91,1,95.3333333333333,79,91,0,10
"Lauren Pearce","Melbourne",15,"Ruck",46800,200,-9100,61.49202085793,52.9046585596222,86,1,59.3333333333333,60,86,0,10
"Alyssa Bannan","Melbourne",16,"Forward",27000,2600,-700,35.476165879575,13.4762260920897,65,1,43,35,65,0,10
"Tahlia Gillard","Melbourne",17,"Ruck",15100,0,800,19.7565534428651,12.7418855455049,0,0,24,24,0,0,10
"Casey Sherriff","Melbourne",18,"Defender",36000,-1900,-4400,47.3015545061,53.2509681227863,49,1,38.3333333333333,47,49,0,10
"Jacqueline Parry","Melbourne",19,"Forward",26200,0,-7300,34.2795827949049,41.0777086948496,0,0,37.3333333333333,32,0,0,10
"Brenna Tarrant","Melbourne",20,"Defender",21200,0,-1700,27.0482526056276,39.7089643160414,0,0,22,22,0,0,10
"Maggie Caris","Melbourne",21,"Ruck",18300,0,4000,23.743660701626,30.0826335407413,0,0,21,25,0,0,10
"Eliza McNamara","Melbourne",22,"Midfielder",45000,1300,3000,59.126943132625,54.4437101534829,68,1,64.6666666666667,61,68,0,10
"Sinead Goldrick","Melbourne",23,"Defender",28000,-1000,5800,36.7900979491889,44.7391974288338,31,1,33.3333333333333,38,31,0,10
"Megan Fitzsimon","Melbourne",24,"Midfielder",33900,-1300,10700,44.5422971599108,64.1365283156238,34,1,41.6666666666667,45,34,0,10
"Isabella Simmons","Melbourne",25,"Forward",14300,0,0,16.9421373914539,16.9421373914539,0,0,0,0,0,0,10
"Lauren Magee","Melbourne",26,"Defender",12600,0,-1700,16.6243613064686,26.7634518068799,0,0,12,14,0,0,10
"Alison Brown","Melbourne",28,"Midfielder",26400,0,-8400,34.2531498646407,42.8316352718891,0,0,22.3333333333333,22,0,0,10
"Eden Zanker","Melbourne",29,"Ruck",36000,-1500,-13800,47.3015545061,49.4129681227863,50,1,39.3333333333333,48,50,0,10
"Shelley Heath","Melbourne",30,"Defender",31700,-200,800,41.6516466067602,43.3935913747868,39,1,41.3333333333333,39,39,0,10
"Krstel Petrevski","Melbourne",31,"Forward",17100,0,100,21.4148374336375,20.348174454353,0,0,23,23,0,0,10
"Gabrielle Colvin","Melbourne",32,"Defender",21100,-1700,4000,27.723966668853,39.5288952052997,20,1,21.6666666666667,28,20,0,10
"Jordan Zanchetta","Melbourne",33,"Forward",23900,0,0,28.3158799759264,28.3158799759264,0,0,0,0,0,0,10
"Sophie Abbatangelo","Kangaroos",1,"Forward",26300,-2200,4000,34.5564134308452,47.8087461563689,22,1,26,36,22,0,10
"Daria Bannister","Kangaroos",2,"Forward",21800,-2800,-3000,28.6437191175828,51.0503751410206,4,1,19.6666666666667,28,4,0,10
"Isabella Eddey","Kangaroos",3,"Forward",32000,-800,14100,42.0458262276444,56.4690827758101,21,1,41.6666666666667,42,21,0,10
"Elisha King","Kangaroos",4,"Forward",22000,0,0,26.0648267560829,26.0648267560829,0,0,0,0,0,0,10
"Tess Craven","Kangaroos",5,"Midfielder",17100,0,-800,20.6471209332049,27.8404658565665,0,0,12,12,0,0,10
"Alice O'Loughlin","Kangaroos",6,"Forward",19200,0,4900,25.1209156359609,29.9870995015691,0,0,23.3333333333333,26,0,0,10
"Ashleigh Riddell","Kangaroos",7,"Midfielder",75100,1200,2500,98.676298428003,83.4493473894792,117,1,100.666666666667,100,117,0,10
"Aileen Gilroy","Kangaroos",8,"Defender",35100,1000,-8900,46.1190156434475,36.0424939197166,48,1,49,45,48,0,10
"Emma Kearney","Kangaroos",9,"Midfielder",50600,-2200,-18400,66.4849627224627,84.1975496392496,66,1,58.3333333333333,66,66,0,10
"Kaitlyn Ashmore","Kangaroos",10,"Midfielder",39300,-4000,-13200,51.6375303358258,75.8813735340417,37,1,36,51,37,0,10
"Daisy Bateman","Kangaroos",11,"Forward",22600,-2500,-9800,29.6948647732739,43.4983522104158,21,1,20,30,21,0,10
"Nicole Bresnehan","Kangaroos",12,"Defender",29000,-400,-500,38.1040300188027,43.8841687655779,24,1,38,36,24,0,10
"Tara Slender","Kangaroos",13,"Defender",16700,0,0,19.785573037572,19.785573037572,0,0,0,0,0,0,10
"Amy Smith","Kangaroos",15,"Midfielder",25800,0,11500,33.7562303858224,17.5891024552335,0,0,42.6666666666667,37,0,0,10
"Tahlia Randall","Kangaroos",16,"Defender",31300,-1100,400,41.1260737789147,59.8956028400892,23,1,40,37,23,0,10
"Sarah Wright","Kangaroos",17,"Forward",22100,400,-4900,29.0378987384669,25.3418665420438,37,1,30,28,37,0,10
"Brittany Gibson","Kangaroos",18,"Defender",21000,0,0,24.8800619035337,24.8800619035337,0,0,0,0,0,0,10
"Ella Maurer","Kangaroos",19,"Midfielder",14300,0,0,16.9421373914539,16.9421373914539,0,0,0,0,0,0,10
"Jasmine Ferguson","Kangaroos",20,"Defender",20100,-1000,5800,26.4100345992391,32.3039238685557,22,1,22.6666666666667,31,22,0,10
"Alexia Hamilton","Kangaroos",21,"Ruck",14700,-400,400,19.3148014233242,23.1850786501377,9,1,18,18,9,0,10
"Ellie Gavalas","Kangaroos",22,"Midfielder",43000,-2200,-6800,56.4990789933972,72.5157674799948,46,1,48.6666666666667,56,46,0,10
"Mia King","Kangaroos",23,"Midfielder",48200,2400,14300,63.3315257553894,43.4256184310639,80,1,70.6666666666667,62,80,0,10
"Perri King","Kangaroos",24,"Midfielder",14300,0,0,16.9421373914539,16.9421373914539,0,0,0,0,0,0,10
"Jasmine Garner","Kangaroos",25,"Midfielder",70700,-1900,-8400,92.8949973217019,120.137473507805,61,1,90,84,61,0,10
"Kimberley Rennie","Kangaroos",26,"Ruck",27600,1300,-1100,36.2645251213433,24.6792088941362,46,1,40.3333333333333,38,46,0,10
"Jessica Duffin","Kangaroos",27,"Defender",34900,0,-10200,45.2816261468167,60.0706617798837,0,0,38.6666666666667,42,0,0,10
"Danielle Hardiman","Kangaroos",31,"Defender",19800,-300,-9000,26.015854978355,19.4304324675325,39,1,22,23,39,0,10
"Jenna Bruton","Kangaroos",35,"Midfielder",52800,-2100,-8000,69.3756132756133,84.9424865800866,55,1,62.3333333333333,67,55,0,10
"Brooke Brown","Kangaroos",36,"Ruck",39600,1900,25300,52.03170995671,48.9608649350649,58,1,61,54,58,0,10
"Grace Campbell","Kangaroos",43,"Midfielder",26400,-4000,-11500,34.6878066378066,54.5912432900433,29,1,18,18,29,0,10
"Emma King","Kangaroos",60,"Ruck",47400,0,2100,62.0172604762784,60.8438393944988,0,0,63.3333333333333,58,0,0,10
"Sophie Molan","Richmond",1,"Midfielder",27900,-400,-200,36.6587047422275,38.9667002951594,34,1,35.3333333333333,36,34,0,10
"Katie Brennan","Richmond",3,"Forward",42500,-3700,-10000,55.8421129585902,83.8512818116227,30,1,43.6666666666667,55,30,0,10
"Monique Conti","Richmond",4,"Midfielder",67700,700,8900,88.9532011128602,88.7665594975731,88,1,92.3333333333333,89,88,0,10
"Maddy Brancatisano","Richmond",5,"Midfielder",26300,-500,-10000,34.5564134308452,38.5167461563689,29,1,32.6666666666667,32,29,0,10
"Christina Bernardi","Richmond",6,"Forward",26100,-3000,-6000,34.2936270169225,54.8477518890201,14,1,23.6666666666667,32,14,0,10
"Sarah Hosking","Richmond",7,"Midfielder",45300,4100,-8200,59.5211227535091,27.1192015545061,100,1,72,56,100,0,10
"Courtney Wakefield","Richmond",8,"Forward",38300,-700,-1000,50.3235982662119,56.9404021972977,52,1,47.6666666666667,48,52,0,10
"Hannah Burchell","Richmond",9,"Midfielder",22200,0,-8800,28.6330505110648,39.1065144388211,0,0,25,20,0,0,10
"Kodi Jacques","Richmond",10,"Midfielder",18300,0,-5700,23.9433727155252,31.9807354624331,0,0,17.3333333333333,23,0,0,10
"Jess Hosking","Richmond",11,"Defender",36900,-1900,-7600,48.4840933687525,50.663442325856,49,1,39,48,49,0,10
"Sarah D'Arcy","Richmond",12,"Forward",30500,-1300,-500,40.0749281232236,42.399625770694,37,1,34,41,37,0,10
"Poppy Kelly","Richmond",14,"Ruck",25400,-800,-14200,33.3738745681927,40.0942719532992,34,1,30.3333333333333,28,34,0,10
"Rebecca Miller","Richmond",15,"Defender",30100,-100,4400,39.549355295378,30.0156372359963,62,1,35.3333333333333,41,62,0,10
"Laura McClelland","Richmond",16,"Midfielder",14600,0,-6700,18.8307449307003,33.5257257120175,0,0,8.33333333333333,8,0,0,10
"Sarah Dargan","Richmond",17,"Midfielder",21800,0,800,27.7231227928927,30.436849649972,0,0,27.5,28,0,0,10
"Sarah Sansonetti","Richmond",18,"Defender",21900,-300,-2100,28.7751123245441,35.410872274695,41,1,27.3333333333333,28,41,0,10
"Kate Dempsey","Richmond",19,"Defender",39400,700,2000,51.7689235427872,44.4858706677161,68,1,53,52,68,0,10
"Iilish Ross","Richmond",21,"Defender",16900,0,0,20.0225260080818,20.0225260080818,0,0,0,0,0,0,10
"Ellie McKenzie","Richmond",22,"Midfielder",38100,-5000,-14300,50.0608118522891,97.5114079299488,25,1,34,40,25,0,10
"Harriet Cordner","Richmond",23,"Defender",35300,0,-10200,45.037892310314,74.629850960201,0,0,27,27,0,0,10
"Tayla Stahl","Richmond",24,"Forward",18100,0,-8100,23.6816965109839,15.7924323426251,0,0,24.6666666666667,22,0,0,10
"Stella Reid","Richmond",25,"Defender",16000,0,-3500,20.9340963633007,34.5842495846409,0,0,14.3333333333333,19,0,0,10
"Emelia Yassir","Richmond",27,"Midfielder",17200,800,2900,22.5996315973589,14.9875069919979,32,1,24.6666666666667,24,32,0,10
"Gabrielle Seymour","Richmond",28,"Ruck",52300,-3500,4000,68.7186472408063,102.944000911715,36,1,58.6666666666667,69,36,0,10
"Hannah McLaren","Richmond",29,"Midfielder",14300,0,0,16.9421373914539,16.9421373914539,0,0,0,0,0,0,10
"Meagan Kiely","Richmond",31,"Midfielder",35800,3800,21500,47.0387680921772,17.2639738554375,53,1,61.3333333333333,50,53,0,10
"Bethany Lynch","Richmond",32,"Defender",20600,800,6300,27.0670006340461,23.7964095369277,18,1,31,24,18,0,10
"Akayla Peterson","Richmond",33,"Defender",14300,0,0,16.9421373914539,16.9421373914539,0,0,0,0,0,0,10
"Akec Makur Chuot","Richmond",34,"Defender",21500,-1100,-6900,28.2495394966986,38.7828837399974,30,1,24,22,30,0,10
"Maddie Shevlin","Richmond",35,"Midfielder",33200,2300,7500,43.6225447111811,26.9610483799029,72,1,50.3333333333333,44,72,0,10
"Ingrid Houtsma","Richmond",36,"Forward",14300,0,0,16.9421373914539,16.9421373914539,0,0,0,0,0,0,10
"Tessa Lavey","Richmond",37,"Forward",33300,900,2600,43.7539379181425,35.3595455135773,56,1,46,46,56,0,10
"Meg Macdonald","Richmond",38,"Forward",20600,0,6300,26.9526490677497,17.6612213402252,0,0,36.6666666666667,28,0,0,10
"Molly McDonald","St Kilda",1,"Midfielder",29600,-1500,-8400,38.8923892605711,54.2791515676243,18,1,35,37,18,0,10
"Paige Price","St Kilda",2,"Ruck",14300,0,0,16.9421373914539,16.9421373914539,0,0,0,0,0,0,10
"Alice Burke","St Kilda",3,"Midfielder",26500,-200,-2700,34.819199844768,38.5477404237177,20,1,35.6666666666667,30,20,0,10
"Alana Woodward","St Kilda",4,"Midfielder",16800,0,2500,21.039138531293,11.2048717998543,0,0,28.5,28,0,0,10
"Darcy Guttridge","St Kilda",5,"Forward",24400,1400,-5400,32.0599424985789,16.5073006165552,45,1,35.3333333333333,32,45,0,10
"Tyanna Smith","St Kilda",6,"Midfielder",60800,0,0,72.0337030349927,72.0337030349927,0,0,0,0,0,0,10
"Rhiannon Watt","St Kilda",7,"Ruck",37100,0,-7600,48.5409359424035,69.7892287243862,0,0,42.6666666666667,42,0,0,10
"Bianca Jakobsson","St Kilda",8,"Midfielder",44900,300,12700,58.9955499256636,55.9432130198085,62,1,59.6666666666667,59,62,0,10
"Kate McCarthy","St Kilda",9,"Forward",17100,300,-1500,22.4682383903975,20.7290098583235,20,1,23.6666666666667,21,20,0,10
"Jacqui Vogt","St Kilda",10,"Forward",33600,3800,6500,44.1481175390266,27.4270369146005,52,1,60.3333333333333,38,52,0,10
"Isabella Shannon","St Kilda",11,"Defender",22600,0,800,29.818298851285,26.8295564155148,0,0,30,30,0,0,10
"Kate Shierlaw","St Kilda",12,"Forward",32600,-1100,-6500,42.8341854694127,50.3000655778565,25,1,39.6666666666667,40,25,0,10
"Renee Saulitis","St Kilda",13,"Forward",14700,0,400,19.3950881908801,21.1576937746932,0,0,17.3333333333333,19,0,0,10
"Hannah Priest","St Kilda",14,"Midfielder",47500,-2300,-5300,62.4117733066597,72.708138495343,41,1,53.6666666666667,61,41,0,10
"Nat Exon","St Kilda",15,"Midfielder",31100,1500,1900,40.8632873649919,26.9386085727404,24,1,47.3333333333333,40,24,0,10
"Ella Friend","St Kilda",16,"Forward",24600,-200,4900,32.3227289125016,36.132294883904,26,1,32.3333333333333,32,26,0,10
"Caitlin Greiser","St Kilda",17,"Forward",26200,-1900,-6400,34.4250202238839,47.0862490226945,24,1,27.6666666666667,32,24,0,10
"Tilly Lucas-Rodd","St Kilda",18,"Midfielder",68600,2700,19000,90.1357399755127,79.9170337006428,98,1,102,86,98,0,10
"Jessica Matin","St Kilda",19,"Forward",18600,-700,-9100,24.4391364948183,23.0824668634396,35,1,19.6666666666667,25,35,0,10
"Rebecca Ott","St Kilda",20,"Ruck",15100,-1100,800,19.8403742511697,29.1050671848354,10,1,16.6666666666667,19,10,0,10
"Georgia Patrikios","St Kilda",21,"Midfielder",76000,0,0,90.0421287937409,94.5442352334279,0,0,0,0,0,0,10
"Ashleigh Richards","St Kilda",22,"Midfielder",20200,2000,2100,26.5414278062005,16.0584210022301,38,1,34,26,38,0,10
"Olivia Vesely","St Kilda",23,"Midfielder",37400,-700,-600,49.1410594035594,52.861927994228,40,1,46.6666666666667,48,40,0,10
"Rosie Dillon","St Kilda",25,"Midfielder",38400,0,-8200,48.8333906076643,83.8301388329782,0,0,33.3333333333333,40,0,0,10
"Leah Cutting","St Kilda",26,"Ruck",31100,100,16800,40.8632873649919,37.2406085727404,63,1,39,48,63,0,10
"Nicola Xenos","St Kilda",27,"Midfielder",25200,-1300,0,33.11108815427,38.0432776859504,32,1,27,34,32,0,10
"Tarni White","St Kilda",29,"Midfielder",51500,-2200,10100,67.6675015851152,72.5200238423193,54,1,57.6666666666667,71,54,0,10
"Lucy Burke","St Kilda",30,"Defender",15000,0,700,19.6257153405944,15.4547339856009,0,0,22,20,0,0,10
"Tahlia Meyer","St Kilda",34,"Midfielder",32700,0,0,42.42719699143,42.2435255072263,0,0,42.3333333333333,42,0,0,10
"Catherine Phillips","St Kilda",35,"Midfielder",54100,500,-3200,71.0837249661113,70.9029493178539,64,1,74,67,64,0,10
"Jayde Van Dyk","St Kilda",36,"Defender",22900,-3300,-12000,30.089044394158,56.3718436114391,4,1,19.3333333333333,29,4,0,10
"Brooke Lochland","Western Bulldogs",1,"Forward",34200,800,-12900,44.936476780795,22.066019716647,88,1,42,42,88,0,10
"Ellie Blackburn","Western Bulldogs",2,"Midfielder",63200,-2000,-10900,83.0405067995977,97.4621884822248,70,1,76.3333333333333,80,70,0,10
"Isabella Grant","Western Bulldogs",3,"Midfielder",25700,1900,10100,33.7680541890769,17.2137633543224,65,1,38,38,65,0,10
"Isabel Huntington","Western Bulldogs",4,"Forward",37400,0,-2500,45.1580305790563,66.7452995927244,0,0,19,19,0,0,10
"Gabby Newton","Western Bulldogs",5,"Midfielder",36200,0,0,42.8884876622818,42.8884876622818,0,0,0,0,0,0,10
"Kirsten McLeod","Western Bulldogs",6,"Forward",28600,0,0,33.8842747829077,33.8842747829077,0,0,0,0,0,0,10
"Deanna Berry","Western Bulldogs",7,"Forward",32300,-1500,-3700,42.4400058485286,54.1925741768333,46,1,32.5,32,46,0,10
"Bonnie Toogood","Western Bulldogs",8,"Forward",43300,-1700,2200,56.8932586142813,80.541258881018,38,1,53.6666666666667,54,38,0,10
"Eleanor Brown","Western Bulldogs",9,"Defender",42200,2100,-4000,55.4479333377061,39.4657904105995,77,1,62,54,77,0,10
"Katie Lynch","Western Bulldogs",10,"Forward",42700,-400,7400,56.104899372513,64.6922760789715,80,1,54,58,80,0,10
"Elle Bennetts","Western Bulldogs",11,"Midfielder",32800,-1600,-12500,43.0969718833355,47.5030598452053,51,1,35,41,51,0,10
"Gemma Lagioia","Western Bulldogs",12,"Midfielder",23100,100,-1100,30.3518308080808,31.1528378787879,33,1,31,29,33,0,10
"Celine Moody","Western Bulldogs",13,"Ruck",42500,2500,13100,55.8421129585902,39.8152818116227,62,1,65.6666666666667,54,62,0,10
"Ellyse Gamble","Western Bulldogs",14,"Ruck",21800,0,3700,28.5227062949972,15.6090400590733,0,0,35,35,0,0,10
"Sarah Hartwig","Western Bulldogs",15,"Defender",22800,-300,-3700,29.9576511871966,26.5613464777647,33,1,27.6666666666667,29,33,0,10
"Naomi Ferres","Western Bulldogs",16,"Defender",40300,-600,5000,52.9514624054397,68.3603448707858,33,1,54.3333333333333,52,33,0,10
"Elisabeth Georgostathis","Western Bulldogs",17,"Midfielder",41300,1400,5300,54.2653944750536,58.4153162075298,56,1,62,53,56,0,10
"Britney Gutknecht","Western Bulldogs",18,"Midfielder",23100,0,-5900,30.2236016245154,43.3660103378254,0,0,22.6666666666667,31,0,0,10
"Ashleigh Guest","Western Bulldogs",19,"Defender",34600,-100,-400,45.4620496086405,49.6000082513446,33,1,46.3333333333333,41,33,0,10
"Isabelle Pritchard","Western Bulldogs",20,"Defender",36100,2600,10300,47.4329477130614,29.7334652564607,74,1,56,47,74,0,10
"Bailey Hunt","Western Bulldogs",21,"Defender",33800,600,-600,44.4109039529494,28.8720311819494,57,1,43.6666666666667,43,57,0,10
"Hannah Scott","Western Bulldogs",22,"Defender",29500,0,0,34.950563150202,34.950563150202,0,0,0,0,0,0,10
"Jessica Fitzgerald","Western Bulldogs",23,"Midfielder",40600,400,-800,53.3456420263238,56.993836271809,49,1,56,51,49,0,10
"Aurora Smith","Western Bulldogs",24,"Midfielder",14200,0,-1300,18.4240427302234,30.2629096835462,0,0,4,4,0,0,10
"Nell Morris-Dalton","Western Bulldogs",25,"Forward",28500,100,-500,37.4470639839958,23.9096830972058,58,1,33.6666666666667,40,58,0,10
"Elizabeth Snell","Western Bulldogs",26,"Forward",22500,0,7400,29.4385730108916,29.9491009784013,0,0,33.3333333333333,32,0,0,10
"Kirsty Lamb","Western Bulldogs",27,"Midfielder",65700,-200,-4400,86.3253369736324,95.324616824085,87,1,87,82,87,0,10
"Amanda Ling","Western Bulldogs",29,"Midfielder",15800,0,-300,20.0929055104452,21.6372029573192,0,0,19,19,0,0,10
"Richelle Cranston","Western Bulldogs",30,"Midfielder",31600,1100,3300,41.5202533997989,27.1170942411124,61,1,43.3333333333333,44,61,0,10
"Alice Edmonds","Western Bulldogs",33,"Ruck",27400,100,9200,36.0017387074205,29.9002146267874,17,1,36.6666666666667,36,17,0,10
"Annabel Strahan","Western Bulldogs",35,"Midfielder",14300,0,0,16.9421373914539,16.9421373914539,0,0,0,0,0,0,10
"Mikayla Bowen","West Coast Eagles",1,"Midfielder",49000,-100,-7800,64.3826714110805,58.6995955004592,53,1,63.3333333333333,63,53,0,10
"Kellie Gibson","West Coast Eagles",2,"Forward",28100,0,-4600,36.7655067380469,45.8915883330257,0,0,34.3333333333333,35,0,0,10
"Charlotte Thomas","West Coast Eagles",3,"Midfielder",28900,-1100,9000,37.9726368118414,42.9596716319034,27,1,34,36,27,0,10
"Courtney Guard","West Coast Eagles",4,"Forward",12600,-600,-7900,16.555544077135,22.3546388429752,10,1,15,14,10,0,10
"Courtney Rowley","West Coast Eagles",5,"Midfielder",18100,0,1800,23.6816965109839,33.9724323426251,0,0,22.6666666666667,24,0,0,10
"Isabella Lewis","West Coast Eagles",6,"Forward",41100,600,-5100,54.0026080611308,37.982321940181,64,1,53.6666666666667,50,64,0,10
"Aimee Schmidt","West Coast Eagles",7,"Forward",27700,-2100,1800,36.3959183283047,60.5497060278106,14,1,31.6666666666667,32,14,0,10
"Maddy Collier","West Coast Eagles",8,"Defender",29500,0,-15600,38.9221157572083,68.0872085954728,0,0,25.3333333333333,36,0,0,10
"Ashlee Atkins","West Coast Eagles",9,"Forward",24500,-2300,-11100,32.1913357055403,43.0857977502296,17,1,23.3333333333333,29,17,0,10
"Melissa Caulfield","West Coast Eagles",10,"Midfielder",27100,1800,-5900,35.6075590865364,25.5107232257641,58,1,41.3333333333333,32,58,0,10
"Aisling McCarthy","West Coast Eagles",11,"Forward",40500,0,-10400,52.2359705269425,93.6939925573087,0,0,37.3333333333333,38,0,0,10
"Niamh Kelly","West Coast Eagles",12,"Midfielder",33000,-2800,-9800,43.3597582972583,61.0680541125541,23,1,33,38,23,0,10
"Emma Swanson","West Coast Eagles",13,"Defender",67000,2300,12100,88.0334486641305,84.3150795618523,102,1,98.3333333333333,88,102,0,10
"Belinda Smith","West Coast Eagles",14,"Forward",35600,-400,-6000,46.7759816782544,49.7549795880887,33,1,46,46,33,0,10
"Grace Kelly","West Coast Eagles",15,"Forward",25500,-2100,-11800,33.5052677751541,54.5527690869736,30,1,26.3333333333333,30,30,0,10
"Ashton Hill","West Coast Eagles",16,"Defender",24400,1800,10100,32.0599424985789,28.6273006165552,33,1,40.6666666666667,31,33,0,10
"Dana Hooker","West Coast Eagles",17,"Midfielder",52200,-4900,-4500,68.5872540338449,110.90750377804,28,1,53.3333333333333,64,28,0,10
"Imahra Cameron","West Coast Eagles",19,"Forward",23300,-1700,-300,30.6146172220036,42.8998321461367,20,1,25,30,20,0,10
"Tayla Bresland","West Coast Eagles",20,"Defender",26800,0,-5800,34.5660249412854,41.3680444576759,0,0,25.6666666666667,26,0,0,10
"Andrea Gilmore","West Coast Eagles",22,"Forward",16900,-1900,-4400,22.2054519764747,38.4740155909747,16,1,15.6666666666667,23,16,0,10
"Sarah Lakay","West Coast Eagles",23,"Ruck",23500,-700,9200,30.8774036359264,35.4568264134855,24,1,28.3333333333333,34,24,0,10
"Hayley Bullas","West Coast Eagles",24,"Midfielder",30000,2800,-2300,39.4179620884166,15.5571401023219,69,1,47.6666666666667,40,69,0,10
"Parris Laurie","West Coast Eagles",25,"Ruck",35300,1700,-3000,46.3818020573702,26.9834881870655,81,1,49,49,81,0,10
"Lauren Gauci","West Coast Eagles",26,"Defender",22100,0,-4200,28.9152206018091,51.5064947387853,0,0,13.5,14,0,0,10
"Emily Bennett","West Coast Eagles",27,"Defender",18900,0,4600,24.728401329149,5.60364482185712,0,0,39.5,40,0,0,10
"Shanae Davison","West Coast Eagles",28,"Forward",16900,0,1500,22.2977544507397,26.9817567885929,0,0,22.6666666666667,23,0,0,10
"Beth Schilling","West Coast Eagles",30,"Defender",16400,700,700,21.5484859416678,15.743147441952,29,1,29,29,29,0,10
"Evangeline Gooch","West Coast Eagles",31,"Defender",33600,3600,6300,44.1481175390266,17.5290369146006,80,1,55.6666666666667,44,80,0,10
"Amber Ward","West Coast Eagles",33,"Defender",25500,0,-6400,32.4284234504021,47.7004984437746,0,0,26,26,0,0,10
"Sophie McDonald","West Coast Eagles",35,"Defender",20900,1100,1700,27.4611802549303,16.2679009379509,33,1,31,29,33,0,10
