9catrank,Player,Games,FG%,FT%,3PM,PTS,REB,AST,STL,BLK,TO
78,Jonathan Kuminga,3,57,75.96666667,2.666666667,26,5.666666667,2.666666667,1,0.666666667,4.333333333
86,Tyler Herro,2,49.4,90,3,26,4,4.5,0,0,2
21,Victor Wembanyama,2,64.1,83.35,1.5,21.5,4.5,2,1,2,4
42,Desmond Bane,3,47.56666667,91.66666667,3,21.33333333,4.333333333,4,0.666666667,0.666666667,2.666666667
194,Kyle Kuzma,2,60,83.35,2,20.5,4,2.5,0,0,3.5
3,Jayson Tatum,2,41.55,88.9,2.5,20.5,9,4.5,2,0.5,1.5
40,Bam Adebayo,2,63.35,91.65,0,19.5,6,2,0,2,2.5
65,Anfernee Simons,3,57.83333333,53.33333333,3.666666667,19.33333333,1,1.666666667,1.333333333,0,2.333333333
33,Payton Pritchard,4,47.125,50,4,18.75,1.75,4,1.25,0,1.75
48,Chet Holmgren,3,64.63333333,70.46666667,1.666666667,18.33333333,5.333333333,1.333333333,0.333333333,1.666666667,1.666666667
183,Jaylen Brown,2,55,73.35,2,18,3,3.5,0.5,0.5,3
66,Julian Strawther,4,50.725,68.75,3.5,17.75,1.5,1.25,0.25,0.5,0.5
190,RJ Barrett,2,28.35,87.5,1.5,17.5,2,2,1,0,1.5
69,P.J. Washington,3,45.43333333,53.33333333,2,17.33333333,6,1.333333333,1,1,2
95,Luka Doncic,3,49.6,57.13333333,2.666666667,17.33333333,3.333333333,2.666666667,0.666666667,0,2
82,Naz Reid,3,61.53333333,43.33333333,2.333333333,17.33333333,3.666666667,1,0.666666667,0.333333333,1.333333333
7,Giannis Antetokounmpo,2,68.35,100,0.5,17,9,1.5,2,1,3.5
25,Scottie Barnes,3,59.8,79.36666667,1.333333333,17,6,3.666666667,1.333333333,1.666666667,3.333333333
103,Karl-Anthony Towns,3,45.76666667,72.23333333,2.333333333,17,4,2,0.666666667,1,2.333333333
28,Zach LaVine,3,54.33333333,33.33333333,1.666666667,17,3.333333333,3,2,0,2
128,Cam Thomas,3,43.13333333,100,2.666666667,17,3,2,0.333333333,0,1.666666667
20,Austin Reaves,2,69.05,100,2.5,17,2.5,2.5,1,0,1.5
52,Marvin Bagley III,2,75.7,40,1,17,7,1.5,0,0,0.5
46,Lauri Markkanen,4,51.675,95,1,16.75,8,0.75,0.5,0.5,1.25
14,D 'Angelo Russell,3,63.06666667,53.33333333,2.666666667,16.66666667,1.666666667,6.333333333,1.333333333,0.666666667,1.333333333
24,Zach Collins,2,62.75,50,1.5,16.5,6.5,5,0.5,1,1
6,Jaren Jackson Jr.,3,51.1,88.9,1.333333333,16.33333333,5.333333333,1.666666667,1,3,1.666666667
54,Devin Booker,3,52.26666667,66.66666667,3,16.33333333,1,3.666666667,1,0,1.333333333
51,Tyrese Maxey,3,48.03333333,50,1.666666667,16.33333333,2.333333333,3.333333333,1.333333333,0.333333333,0.666666667
121,Kristaps Porzingis,3,57.63333333,48.6,2.666666667,16,6,0.333333333,0.333333333,1,2.666666667
338,De'Andre Hunter,1,44.4,77.8,1,16,3,0,0,0,0
105,Trae Young,3,43.16666667,66.66666667,2.333333333,15.66666667,1.333333333,4.333333333,1.333333333,0,3.333333333
130,Jalen Williams,3,49.26666667,63.2,1.333333333,15.66666667,3.666666667,2.333333333,2,0.333333333,1.666666667
131,Kevin Durant,3,52.36666667,95.23333333,1.333333333,15.66666667,3.333333333,3.666666667,0,0,0.666666667
421,Mikal Bridges,2,34.3,65,3,15.5,4,1.5,0,0,2
64,Jake LaRavia,2,39.3,87.5,2.5,15.5,4.5,1,1,1,0.5
116,Moses Moody,3,51.86666667,83.33333333,2.666666667,15.33333333,3.666666667,1,1,0,2.333333333
11,Franz Wagner,3,75.03333333,33.33333333,2.333333333,15.33333333,3,2.666666667,0.666666667,0.666666667,0
79,Immanuel Quickley,2,39.65,80,1,15,0.5,2,3,0,2.5
63,Tyrese Haliburton,1,44.4,83.3,2,15,3,8,1,0,2
154,Kelly Oubre Jr.,3,47.03333333,44.46666667,2.333333333,15,3.666666667,2,0.666666667,1.333333333,1.666666667
255,Anthony Edwards,2,38.85,70.85,2.5,15,5,2.5,0,1,1.5
13,Terry Rozier,3,55.4,50,2,15,4,5.333333333,2,0.333333333,1.333333333
76,LaMelo Ball,3,39.56666667,52.76666667,1.666666667,15,4.666666667,4.666666667,1.333333333,0.333333333,1.333333333
16,Stanley Umude,2,68.55,100,3,15,4.5,2,0.5,0.5,1
41,Jabari Smith Jr.,3,52.23333333,50,2,15,8.333333333,1.666666667,0.666666667,0.333333333,1
12,Saddiq Bey,2,56.45,87.5,1,15,8,0,2,0,1
18,Gordon Hayward,1,83.3,100,1,15,3,3,1,0,1
45,Svi Mykhailiuk,2,69.45,100,3,15,4.5,1.5,0,0,0.5
463,Jaden Hardy,3,38.73333333,41.66666667,1.666666667,14.66666667,3.333333333,2.333333333,1,0,3
119,Luguentz Dort,3,57.8,91.66666667,2.666666667,14.66666667,2,0.666666667,0,0,0.333333333
363,Jordan Poole,2,30.8,91.65,3,14.5,2.5,2.5,0.5,0,2.5
5,Killian Hayes,2,58.15,100,0.5,14.5,1,5.5,3,0,1
97,Tim Hardaway Jr.,2,39.8,0,3.5,14.5,2.5,0,1.5,0,1
17,Anthony Davis,4,55.3,83.925,1.25,14.25,6.25,2.5,0.75,1.25,0.5
347,Jaden Ivey,2,48.9,50,1.5,14,4,3.5,1,0.5,3
55,Pascal Siakam,3,64.7,77.8,1,14,5,3,1.666666667,0.333333333,2.666666667
215,Shaedon Sharpe,4,39.15,68.75,1,14,4.5,2.75,1,0,2.25
50,Aaron Nesmith,3,51.5,66.66666667,1.666666667,14,0.666666667,0.666666667,1,0.333333333,0.333333333
182,Luka Garza,4,49.775,45.825,0.75,13.75,4.25,1.75,0.25,0.5,1
53,Nikola Jokic,3,61.03333333,46.66666667,0.666666667,13.66666667,6,3.666666667,1.666666667,0.666666667,2.333333333
49,Gary Trent Jr.,3,41.1,66.66666667,2.666666667,13.66666667,2,2.333333333,1.666666667,0.333333333,2
27,Grayson Allen,3,58.76666667,100,2,13.66666667,2,4,1.333333333,0.666666667,1.666666667
202,Onyeka Okongwu,3,67.13333333,50,1,13.66666667,4.666666667,1,0,0.666666667,1.333333333
43,DeMar DeRozan,3,39.6,100,1,13.66666667,1.333333333,2,2,0.333333333,1.333333333
201,Bennedict Mathurin,3,53.5,83.33333333,1,13.66666667,5.333333333,2.333333333,0,0,1.333333333
365,Scoot Henderson,4,42.425,68.75,1.25,13.5,1.5,5.75,0.5,0,3.5
129,Santi Aldama,4,47.475,83.75,1,13.5,5.75,1.75,0.5,0.5,0.75
44,Devin Vassell,2,47.65,50,3.5,13.5,1.5,2,2,0.5,0
132,Tobias Harris,3,35.03333333,88.9,1,13.33333333,7.333333333,1.666666667,1,0.666666667,2
221,Coby White,4,58.525,17.85,1.5,13.25,2.5,4.25,0.5,0,2.5
284,Jaime Jaquez Jr.,1,62.5,75,0,13,7,2,0,0,2
180,Lonnie Walker IV,3,53.8,52.76666667,1,13,1.333333333,1.333333333,1.333333333,0,1.333333333
10,Stephen Curry,2,56.25,50,2,13,2.5,2.5,2,0.5,1
36,Jamal Murray,3,50,60,0.666666667,13,1.333333333,5,2,0.333333333,1
106,Malik Beasley,4,40.6,0,3.5,13,3,1.75,1,0,0.75
89,Miles McBride,3,54.43333333,33.33333333,2,12.66666667,2,4,1.666666667,0,2
205,Reggie Jackson,3,56.83333333,16.66666667,3,12.66666667,1.333333333,1.666666667,0.333333333,0.333333333,1.333333333
136,Emoni Bates,3,52.36666667,33.33333333,3,12.66666667,3,0.333333333,0.333333333,0.333333333,1
286,Cam Whitmore,3,43.6,50,1.666666667,12.66666667,3.333333333,0.333333333,0.333333333,0,0.666666667
61,Jamal Cain,3,43.66666667,33.33333333,2.333333333,12.66666667,6.333333333,0.666666667,0.333333333,0,0.333333333
4,De'Anthony Melton,2,34.3,50,2.5,12.5,4.5,6,2.5,1.5,1
177,Bones Hyland,3,42.56666667,91.66666667,0.333333333,12.33333333,3,3.333333333,1,0.666666667,2.333333333
304,Jerami Grant,3,43.16666667,26.66666667,1,12.33333333,1.666666667,0.666666667,0.333333333,0.333333333,1.333333333
145,De'Aaron Fox,3,31.83333333,91.66666667,1,12.33333333,3.666666667,4.666666667,0.666666667,0.333333333,1
117,Eric Gordon,3,54.43333333,100,1.333333333,12.33333333,1.666666667,2,0.333333333,0.333333333,1
230,Brandon Ingram,4,44,37.5,0.25,12,4.25,3.25,1.5,0.25,3.25
135,Domantas Sabonis,3,49.63333333,69.03333333,0.666666667,12,11,5.333333333,0.666666667,0,2.666666667
75,James Wiseman,2,75,80,0.5,12,8.5,0.5,1,0.5,2.5
157,Zion Williamson,4,59.3,55.425,0,12,3.5,3.75,1.25,0.5,2.25
23,Vince Williams Jr.,1,30,83.3,1,12,9,3,1,3,2
447,Cade Cunningham,1,33.3,0,2,12,2,6,0,0,2
213,Rui Hachimura,5,46.64,75,1,12,4.6,1.4,0.4,0.2,1.2
99,Moritz Wagner,3,66.66666667,55.56666667,0.666666667,12,2.333333333,0.666666667,1,0,1
239,Evan Fournier,3,43.33333333,25,2.333333333,12,3,0.666666667,0.333333333,0,0.333333333
229,CJ McCollum,4,38.625,75,2.25,11.75,2.5,2.5,0.5,1,2.75
142,Ziaire Williams,4,48.25,62.5,2.25,11.75,2.75,1.75,0.5,0.75,1.5
272,Trendon Watford,3,47.76666667,90.46666667,0.666666667,11.66666667,4.666666667,1.333333333,0.333333333,0.333333333,2.333333333
39,Jaden Springer,3,64.56666667,22.23333333,1.666666667,11.66666667,4.333333333,1.333333333,1.333333333,0.666666667,1.333333333
280,Ben Sheppard,3,39.8,0,3,11.66666667,3.666666667,2.666666667,0,0.333333333,1
57,Dean Wade,3,64.16666667,33.33333333,3,11.66666667,5.333333333,1,0.666666667,0,1
416,Andrew Wiggins,3,41.4,32.13333333,1.666666667,11.66666667,2.666666667,0.666666667,0.333333333,0.333333333,0.666666667
208,Isaiah Joe,3,42.86666667,63.33333333,2,11.66666667,1.666666667,0.333333333,0.333333333,0,0.666666667
124,D'Angelo Russell,2,56.25,37.5,1,11.5,2,3.5,1,1,2.5
73,Jeremy Sochan,2,47.8,83.35,0.5,11.5,4,1.5,2.5,0,2
486,Jalen Green,2,49.4,60,0,11.5,2.5,2,1,0,2
38,Isaiah Stewart,2,60.7,0,1.5,11.5,5.5,1,0.5,2,1.5
58,Jaylin Williams,2,60,83.35,1.5,11.5,8,2.5,0,0.5,0.5
360,Josh Giddey,3,52.23333333,50,0,11.33333333,5,4.666666667,0,0,2.666666667
224,Nikola Vucevic,3,48.26666667,91.66666667,0.333333333,11.33333333,6,1.333333333,0.666666667,0,2.333333333
285,Amen Thompson,3,38.13333333,69.43333333,1,11.33333333,3.666666667,2.666666667,1,0.333333333,2
92,Paul George,3,41.06666667,33.33333333,1.333333333,11.33333333,4.666666667,2.333333333,1,0,0.666666667
146,Kawhi Leonard,3,43.9,83.33333333,2.333333333,11.33333333,2,1.333333333,1,0,0.666666667
246,Keyonte George,4,39.5,77.075,1.5,11.25,1.5,4,0.75,0.25,2
265,Talen Horton-Tucker,4,34.625,38.75,1.5,11.25,3.75,3.5,0.5,0.25,2
369,Patrick Williams,4,39.325,37.5,2,11.25,2.5,1.25,0.25,0.25,2
428,LeBron James,2,43.75,62.5,1,11,2.5,5,0.5,0.5,2.5
256,Keldon Johnson,1,30.8,33.3,2,11,4,4,2,1,2
8,Shai Gilgeous-Alexander,2,54.15,41.65,1.5,11,3.5,4,3,1,1.5
123,Malaki Branham,3,50.9,33.33333333,2,11,2.666666667,0.666666667,1,0.666666667,1
111,Paul Reed,3,42.7,25,0,11,5.666666667,2,1.333333333,0.333333333,1
195,Bradley Beal,2,44.3,88.9,0.5,11,2,2.5,1,0,1
316,Cole Swider,3,42.33333333,66.66666667,3,11,1.666666667,1.666666667,0,0,1
29,Johnny Davis,2,58.95,100,0.5,11,5.5,2.5,0.5,1.5,0.5
31,Eugene Omoruyi,2,57.5,87.5,0.5,11,2.5,0,2.5,0,0.5
113,Jusuf Nurkic,3,50,71.1,0.333333333,10.66666667,5.666666667,3.333333333,1,0.333333333,2
101,Quentin Grimes,3,42.36666667,16.66666667,3,10.66666667,2.666666667,2.666666667,1.333333333,0,1.333333333
191,Brook Lopez,3,43.33333333,66.66666667,1.333333333,10.66666667,3,1,0.333333333,0.666666667,1
110,Thomas Bryant,3,54.6,66.66666667,0,10.66666667,5.666666667,1,0.333333333,0.333333333,1
96,Spencer Dinwiddie,3,57.23333333,66.66666667,3,10.66666667,1.666666667,4.333333333,0,0,0.666666667
214,Harrison Barnes,3,52.66666667,55.56666667,1.333333333,10.66666667,0.666666667,1.333333333,0.666666667,0,0.333333333
84,Taurean Prince,5,54.06,55,2.2,10.6,2.4,0.6,1,0,0.2
126,David Roddy,4,55.9,50,1.25,10.5,4.75,2.25,0.75,0.25,1.75
337,Darius Garland,2,34.15,50,1.5,10.5,1,2,0.5,0.5,1.5
454,Jordan Hawkins,4,29.625,16.675,2.5,10.5,2,1.25,0.25,0.25,1.5
19,Daniel Gafford,2,63.1,35.7,0,10.5,6.5,0,0.5,4,1
219,Evan Mobley,2,52.8,65,0,10.5,6.5,0.5,0,1,0.5
80,Hunter Tyson,4,34.1,25,2,10.5,4.25,2,1.25,0.25,0.25
321,Gabe Vincent,3,38.86666667,16.66666667,2.666666667,10.33333333,0.666666667,2.666666667,0.333333333,0,1
138,O.G. Anunoby,3,58.56666667,36.66666667,1.666666667,10.33333333,1,2.333333333,1.333333333,0,0.666666667
332,Kenneth Lofton Jr.,4,48.025,37.5,0.75,10.25,3.75,2,0.75,0.5,1.75
167,Caris LeVert,2,47.2,50,2,10,3,4.5,1,0.5,3.5
346,Ausar Thompson,2,26.65,68.75,1,10,9,4,0.5,1.5,3
108,Alperen Sengun,3,34.73333333,61.66666667,0.333333333,10,6,3.666666667,2.333333333,1.666666667,2.333333333
325,Saben Lee,4,33.225,85.425,0.5,10,3,3.75,0.75,0.25,2
72,Tre Jones,2,50,35.7,0.5,10,2.5,5.5,2.5,0,2
267,Jarace Walker,3,30.56666667,50,1.666666667,10,5,2.333333333,0.666666667,1,1.666666667
250,Xavier Moon,3,44,0,1.333333333,10,3,3.333333333,0.333333333,0.666666667,1.666666667
411,Klay Thompson,3,33.13333333,55.56666667,2,10,3.333333333,0.666666667,0,0.333333333,1
467,Corey Kispert,2,39.25,66.65,2,10,2,2,0.5,0,1
159,Harry Giles III,2,73.35,0,0,10,7,0,0.5,0,0.5
32,Mitchell Robinson,3,88.86666667,16.66666667,0,10,7,0.333333333,1.666666667,1.333333333,0.333333333
139,Keegan Murray,2,46.45,0,2,10,3,0.5,0.5,0.5,0
237,Jordan Clarkson,4,51.475,50,1.25,9.75,2.75,3,0.75,0.25,2.75
107,Leonard Miller,4,67.85,12.5,1,9.75,5.25,0.75,1,0.75,2
198,Pat Connaughton,4,38.1,37.5,2.25,9.75,5.75,2.5,0.5,0.25,1.25
74,Jabari Walker,4,50.25,75,0.5,9.75,6.75,0.75,1.25,0,0.75
395,Wendell Carter Jr.,3,33.93333333,72.23333333,1.666666667,9.666666667,5.666666667,2.666666667,0.333333333,0.666666667,3
242,Isaiah Hartenstein,3,58.16666667,25,0.666666667,9.666666667,5,2,0.666666667,0.333333333,2.666666667
309,Tre Mann,3,37.93333333,66.66666667,1,9.666666667,4,2.333333333,0.333333333,0.333333333,2
361,Yuta Watanabe,3,51.33333333,33.33333333,1.666666667,9.666666667,2.333333333,0.666666667,0.666666667,0,1.666666667
189,Jalen Smith,3,70.36666667,8.333333333,0.666666667,9.666666667,7,0,0,1.666666667,1.333333333
144,Ty Jerome,3,60.56666667,100,0.333333333,9.666666667,3.333333333,5,0.333333333,0,1.333333333
171,Jae Crowder,3,53.86666667,0,1.666666667,9.666666667,3.666666667,1.333333333,0.666666667,0,1
71,Mark Williams,3,69.46666667,51.86666667,0,9.666666667,8,0.666666667,1.333333333,1.333333333,0.666666667
88,Josh Okogie,3,56.83333333,0,1,9.666666667,4.333333333,2.333333333,1,0.666666667,0.666666667
109,Donovan Mitchell,2,32.9,66.65,1.5,9.5,3.5,2.5,3,0.5,2
34,Tari Eason,2,71.65,66.65,0.5,9.5,6,1.5,2.5,0.5,2
122,Nic Claxton,2,100,25,0,9.5,3.5,1,0.5,1,1.5
9,Myles Turner,2,52.5,100,1.5,9.5,3.5,0,1,3,0.5
93,Damian Lillard,2,24.1,66.65,1,9.5,2,3.5,2.5,0.5,0.5
104,Danilo Gallinari,2,35.7,90,1.5,9.5,3.5,1.5,0.5,0.5,0.5
184,Jalen Brunson,2,50,75,0.5,9.5,1,2.5,0.5,0,0
185,Cole Anthony,3,66.66666667,91.66666667,0.666666667,9.333333333,3.333333333,4,0.666666667,0,1.666666667
35,Fred VanVleet,3,35.3,66.66666667,1.333333333,9.333333333,1.333333333,3,2.666666667,0.666666667,1.333333333
149,Shake Milton,3,70.83333333,0,1.333333333,9.333333333,2.333333333,3.333333333,0.333333333,0.333333333,1.333333333
120,Isaac Okoro,3,56.66666667,33.33333333,1,9.333333333,3.666666667,3.333333333,0.666666667,0,1.333333333
394,Duncan Robinson,3,35.63333333,50,1.666666667,9.333333333,2.666666667,3,0.333333333,0,1
318,MarJon Beauchamp,4,35.925,53.125,1,9.25,6,2.25,0.75,0.25,2.25
125,Jalen Johnson,4,51.575,37.5,0.75,9.25,4,4,1,0.25,1
273,Donte DiVincenzo,3,38.9,66.66666667,1.666666667,9,3,2.666666667,1,0,2.666666667
134,Derrick White,3,44.43333333,91.66666667,1.333333333,9,4,2.333333333,0.666666667,1.333333333,2
235,Ousmane Dieng,4,44.375,50,1.5,9,5,3.5,0.25,0.25,2
151,Jrue Holiday,3,49.5,33.33333333,1.333333333,9,4.666666667,2.333333333,1.333333333,0,2
434,Julius Randle,2,50,62.5,1.5,9,6,2,0,0,1.5
163,Markelle Fultz,3,55.73333333,33.33333333,0.333333333,9,3.666666667,4.333333333,0.666666667,0,1.333333333
238,Jaden McDaniels,1,25,100,1,9,5,1,0,1,1
59,Alondes Williams,1,50,0,1,9,4,2,2,0,1
302,Marcus Sasser,2,22.75,75,1.5,9,3,4.5,0,0,1
90,Sam Hauser,4,27.75,50,2.25,9,4.25,1.75,1.25,0.25,0.5
102,Davis Bertans,3,48.43333333,33.33333333,2.666666667,9,1,0.666666667,1,0,0
70,Andrew Funk,1,60,0,3,9,3,0,1,0,0
383,Christian Wood,5,43.12,45.34,0.4,8.8,5,0.8,0.8,0.2,1.4
188,Dyson Daniels,4,45.525,37.5,1.25,8.75,4.5,2.25,1.5,0.5,1.5
85,Royce O'Neale,3,31.83333333,66.66666667,2.333333333,8.666666667,4,2.666666667,0.666666667,1.666666667,1.333333333
222,Chris Boucher,3,47.13333333,41.66666667,0.333333333,8.666666667,5.666666667,0,1,1.333333333,1.333333333
476,GG Jackson,3,17.2,22.23333333,1.333333333,8.666666667,1.666666667,0.333333333,0,0.666666667,0.666666667
127,Cedi Osman,3,45.4,86.66666667,0.666666667,8.666666667,4,3,0.666666667,0.666666667,0.333333333
172,Jalen McDaniels,3,52.86666667,88.9,0.666666667,8.666666667,4,1,0.333333333,0.666666667,0.333333333
382,Kevin Knox II,2,52.8,25,1,8.5,2.5,0.5,0.5,0,1.5
295,Ayo Dosunmu,4,49.275,0,1,8.5,3,3.75,0,0.25,1.25
37,Moussa Diabate,2,35.75,91.65,0,8.5,7,0,1.5,2,1
212,Josh Minott,4,46.25,33.325,0,8.5,3.5,2.75,0.25,1,1
216,AJ Griffin,4,34.925,50,1.25,8.5,2.5,1.25,1.25,0,0.75
2,Bilal Coulibaly,2,52.8,25,1,8.5,5.5,2,3.5,1,0.5
226,Ochai Agbaji,4,49.175,66.675,0.75,8.5,2.5,1,0.5,0.75,0.5
310,Neemias Queta,2,80,66.65,0,8.5,3.5,1,0,0.5,0.5
264,Brandon Miller,3,44.43333333,33.33333333,0.333333333,8.333333333,5.333333333,2,0.666666667,0.333333333,2
62,Dejounte Murray,3,41.06666667,33.33333333,1.666666667,8.333333333,4,2.333333333,2.333333333,0,2
281,Dennis Schroder,3,41.1,50,1,8.333333333,3.666666667,4,0.666666667,0,1.666666667
158,Brandin Podziemski,3,40,50,0.666666667,8.333333333,5.666666667,6,0.333333333,0.666666667,1.333333333
148,T.J. McConnell,3,58.1,50,0.333333333,8.333333333,2.666666667,7,0.666666667,0,1
160,Kentavious Caldwell-Pope,3,65.7,33.33333333,2,8.333333333,1.666666667,1.666666667,0.666666667,0,0.666666667
296,Bobby Portis,3,54.3,50,0,8.333333333,6.666666667,2.333333333,0,0,0
253,Peyton Watson,4,46.45,50,0.75,8.25,2.75,1.5,1.25,0.75,2
262,Kira Lewis Jr.,4,43.225,37.5,1,8.25,1.75,2,1,0,1.25
506,Kobe Bufkin,4,30.4,12.5,1,8.25,3.5,2,0.25,0,1.25
83,Zeke Nnaji,4,23.95,77.675,0.25,8.25,4.5,1.75,1,1.5,0.75
329,Garrison Mathews,4,48.75,55.425,2,8.25,2,0.75,0.25,0,0.5
381,Max Christie,5,35.78,50,1.2,8.2,3,1.2,0.6,0,1.6
196,Ben Simmons,3,58.9,16.66666667,0,8,4.333333333,7,1.666666667,0.333333333,3.666666667
333,Max Strus,2,37.5,50,2,8,3.5,3,0.5,0,3
573,Nick Smith Jr.,3,45.7,25,0.333333333,8,2.333333333,0,0.333333333,0,2.333333333
366,Orlando Robinson,3,70.36666667,16.66666667,0.333333333,8,4,1,0.333333333,0.333333333,2
378,Collin Sexton,4,32.4,87.5,0.75,8,1.25,3,0.25,0.25,2
278,Chimezie Metu,4,39.15,37.5,1.25,8,4.25,1.25,0.25,0.75,1.75
341,John Collins,4,58.7,50,0.75,8,3.75,0.5,0,0.25,1.75
403,Nick Richards,3,50,64.43333333,0,8,9.666666667,0.333333333,0,0.666666667,1.333333333
77,Dario Saric,3,55,66.66666667,1.333333333,8,3.666666667,2,1.333333333,0,1
112,Jeff Dowtin Jr.,1,100,100,0,8,2,1,1,0,1
279,Micah Potter,1,50,100,2,8,3,0,0,0,1
173,AJ Green,2,58.35,50,2.5,8,1.5,0.5,0.5,0,0.5
175,Isaiah Roby,2,53.35,25,1.5,8,2.5,1.5,0.5,0.5,0
211,Jeenathan Williams,2,70,50,0.5,8,1,1.5,0,0.5,0
170,Skylar Mays,4,47.85,18.75,0.75,7.75,1.5,3.75,1.75,0,1.75
217,Andre Drummond,4,37.45,66.675,0,7.75,11.25,1.25,0.5,0.5,1.5
259,Duop Reath,4,46.525,39.275,0.75,7.75,4.25,1.25,0.5,0.5,1
315,Lindy Waters III,4,47.775,25,1.25,7.75,2.75,0.75,0.5,0,0.25
115,Dante Exum,3,57.23333333,100,1,7.666666667,2.333333333,5.666666667,0.333333333,0.666666667,1.666666667
186,JT Thor,3,37.3,58.33333333,1.333333333,7.666666667,4,0.666666667,0.333333333,1.666666667,1.333333333
240,Paolo Banchero,3,33.3,61.13333333,0,7.666666667,4,3,1.666666667,0.666666667,1.333333333
94,Jalen Suggs,3,38.86666667,83.33333333,1.333333333,7.666666667,3.333333333,1.333333333,1.666666667,0.666666667,1.333333333
26,Xavier Tillman,3,58.9,33.33333333,0.333333333,7.666666667,5.333333333,2,1.333333333,1,0
282,Dru Smith,2,25,100,0,7.5,1.5,3,2,0.5,4
406,Malcolm Brogdon,2,35.7,75,1,7.5,3.5,1.5,0.5,0,3
233,JaVale McGee,2,83.35,50,0,7.5,2.5,2,0,1.5,2.5
275,Alec Burks,2,43.75,0,1.5,7.5,2,1.5,1,0,1.5
150,Deandre Ayton,2,45,25,0,7.5,6,2.5,1,1,1
409,Doug McDermott,2,44.05,0,1.5,7.5,1,0,0,0,0.5
328,Patrick Beverley,3,54.36666667,33.33333333,1.666666667,7.333333333,2.333333333,2,0,0,1.333333333
320,Obi Toppin,3,45.26666667,16.66666667,1,7.333333333,4.666666667,0.666666667,0.666666667,0.333333333,1
269,Craig Porter,3,85.7,91.66666667,0.333333333,7.333333333,1.666666667,3,0,0.333333333,1
141,Nickeil Alexander-Walker,3,42.2,33.33333333,2,7.333333333,2.666666667,2.333333333,0.333333333,1,0.666666667
68,Al Horford,3,50.4,66.66666667,1.333333333,7.333333333,3.666666667,2,0.666666667,1,0.333333333
47,Haywood Highsmith,3,60.73333333,0,2,7.333333333,1.333333333,1.666666667,2,0.333333333,0.333333333
459,Aaron Wiggins,3,38.1,50,0.666666667,7.333333333,2.666666667,0.666666667,0,0,0
181,Andre Jackson Jr.,4,57.125,37.5,0.5,7.25,4.25,2,1,0.5,1.25
254,Josh Richardson,1,42.9,0,1,7,4,3,1,0,2
485,Buddy Hield,3,25,38.9,1.333333333,7,3.333333333,5.333333333,0.333333333,0,1.666666667
461,Josh Green,3,41.1,22.23333333,1,7,3,2,0.333333333,0,1.333333333
15,Johnny Juzang,1,75,0,1,7,3,4,2,1,1
247,Dorian Finney-Smith,3,46.66666667,33.33333333,1.666666667,7,2.333333333,1.666666667,0.333333333,0.333333333,1
379,Sasha Vezenkov,3,37.36666667,33.33333333,1,7,3.333333333,0.666666667,0.333333333,0,1
288,Thanasis Antetokounmpo,4,56.25,62.5,0.25,7,3.25,0.25,0.25,1,0.75
60,Kris Dunn,4,66.675,0,0.5,7,1.5,2.25,1.25,0.5,0.5
98,Alex Caruso,2,27.8,0,2,7,2,1,1.5,0,0.5
200,Troy Brown Jr.,4,44.925,0,1.5,7,3.5,1,0.75,0,0.5
207,Ivica Zubac,3,69.46666667,11.1,0,7,4,0,0,1.666666667,0.333333333
133,Clint Capela,2,70.85,62.5,0,7,5.5,0,1,0.5,0
140,Trey Lyles,3,39.66666667,33.33333333,1.666666667,7,2,0.666666667,1,0.333333333,0
232,Armoni Brooks,3,44.3,0,2.333333333,7,2.333333333,1,0.333333333,0,0
292,Mouhamed Gueye,4,69.275,41.675,0.75,6.75,3,1.25,0.5,0.25,1.5
169,Herbert Jones,4,50.525,37.5,1.25,6.75,3.25,0.75,1,0.75,1.25
156,Toumani Camara,4,37.5,54.175,1.25,6.75,2.75,2,0.75,0.75,0.75
241,Jevon Carter,4,41.15,50,1.5,6.75,1.25,2,0.75,0.25,0.75
137,Bogdan Bogdanovic,3,39.23333333,0,0.666666667,6.666666667,4,3,2,0,2
174,Grant Williams,3,39.06666667,0,2,6.666666667,5,2.666666667,0.333333333,1,1.333333333
472,Derrick Rose,3,38.33333333,25,0.333333333,6.666666667,1.666666667,4.666666667,0,0,1.333333333
335,Lester Quinones,3,25,26.66666667,0.666666667,6.666666667,3,2.333333333,0.333333333,0.333333333,0.666666667
236,TyTy Washington Jr.,3,46.2,66.66666667,0.666666667,6.666666667,2,2.666666667,0.666666667,0,0.666666667
67,Rudy Gobert,3,83.33333333,75,0,6.666666667,7.666666667,0.333333333,0.666666667,1.333333333,0.333333333
358,Amir Coffey,3,17.26666667,60,0.666666667,6.666666667,2.333333333,2,0.333333333,0.666666667,0.333333333
166,Dwight Powell,3,41.66666667,66.66666667,0,6.666666667,2,0,1.333333333,0.333333333,0
342,Collin Gillespie,4,42.85,75,0.75,6.5,1.75,2.75,0.25,0.25,1.25
1,Jordan Goodwin,2,50,0,0.5,6.5,5,1.5,4,1,1
490,Dalano Banton,4,18.85,37.5,0.5,6.5,2.5,1.25,0,0.25,1
155,Walker Kessler,4,53.6,33.325,0.25,6.5,4.25,1,0.25,2.5,0.5
245,Nicolas Batum,2,54.8,0,1.5,6.5,3.5,0.5,0.5,0,0.5
497,Seth Curry,2,22.75,33.35,0.5,6.5,1,0.5,0,0,0
438,Blake Wesley,3,43.2,25,0.666666667,6.333333333,2.333333333,3.333333333,0.333333333,1.333333333,1.666666667
468,Chris Duarte,3,54.06666667,0,1,6.333333333,1,0.666666667,0.333333333,0,1.666666667
313,Drew Eubanks,3,61.1,74.1,0,6.333333333,5.666666667,1.666666667,0.666666667,1,1.333333333
336,Aaron Gordon,3,41.66666667,23.8,0,6.333333333,4.333333333,2.333333333,0.333333333,0.333333333,1.333333333
312,Damian Jones,3,66.66666667,33.33333333,0,6.333333333,3.333333333,0,0,1.666666667,1
176,Kobe Brown,3,42.23333333,66.66666667,1,6.333333333,3.333333333,1,0.333333333,1.333333333,1
294,Daishen Nix,3,21.2,0,1.666666667,6.333333333,2,4,0,0,1
153,Bruce Brown,3,36.1,16.66666667,0.666666667,6.333333333,1.666666667,3.666666667,1,1.333333333,0.333333333
368,Braxton Key,4,26.95,57.5,0,6.25,4.25,2,0.25,0.5,1.75
493,Chris Paul,2,41.65,50,1,6,2.5,4.5,0,0,3.5
424,Jarred Vanderbilt,1,50,0,2,6,7,1,1,0,2
192,Jonas Valanciunas,4,38.9,50,0,6,6.5,1.25,0.75,0.75,1.75
260,Keon Ellis,2,28.55,25,1.5,6,2.5,0,0.5,1.5,1.5
234,Georges Niang,3,38.86666667,0,2,6,2.333333333,1,1,0.333333333,1.333333333
456,Cameron Payne,3,17.7,50,0.666666667,6,1.666666667,5,0.666666667,0,1.333333333
377,Lamar Stevens,3,47.23333333,66.66666667,0.333333333,6,5,0.333333333,0.333333333,0,1.333333333
386,Onuralp Bitim,2,66.7,0,2,6,0.5,0,0,0,1
487,Dereon Seabron,4,38.225,21.875,0,6,2.5,1.75,0.5,0,0.75
311,Javon Freeman-Liberty,3,37.86666667,16.66666667,0.333333333,6,2.666666667,1,0.666666667,0.333333333,0.666666667
477,Jerome Robinson,3,39.4,72.23333333,0.333333333,6,2.666666667,1.666666667,0.333333333,0,0.666666667
100,Tyus Jones,2,30,75,0.5,6,4.5,3.5,1,1,0.5
187,Gary Harris,2,21.45,83.35,1,6,2,2,1,1,0.5
319,Ryan Rollins,2,41.65,50,0,6,2,1.5,0.5,0.5,0.5
22,Mike Muscala,1,28.6,100,0,6,4,2,2,2,0
349,Brice Sensabaugh,1,37.5,0,0,6,1,1,1,0,0
344,Sir'Jabari Rice,1,50,100,1,6,0,2,0,0,0
610,Jalen Duren,1,50,33.3,0,6,1,1,0,0,0
430,Jeremy Lamb,1,50,75,1,6,0,1,0,0,0
193,Trent Forrest,4,49.15,25,0,5.75,2.25,3.25,1,0,1.5
352,Keita Bates-Diop,4,31.65,43.75,0.75,5.75,4.5,1,0.5,0.25,1
257,Kris Murray,4,37.075,0,0.25,5.75,3.75,1.5,1.25,0.5,0.75
231,Darius Bazley,3,55,33.33333333,1,5.666666667,6,2,1,0.333333333,2.666666667
291,Malachi Flynn,3,24.6,66.66666667,1,5.666666667,5,4,0.666666667,0.333333333,2
480,Dillon Brooks,3,21.66666667,60,1,5.666666667,1.666666667,1.666666667,0.333333333,0,2
512,Kenyon Martin Jr.,3,50,16.66666667,0.333333333,5.666666667,5,1,0,0,1.666666667
391,Gradey Dick,3,33.96666667,33.33333333,1,5.666666667,2.333333333,1,0.666666667,0,1.333333333
334,Terry Taylor,3,54.06666667,33.33333333,0,5.666666667,5,2.333333333,0.333333333,0,1.333333333
400,Noah Clowney,3,60,50,0.333333333,5.666666667,5,0.333333333,0,0,1.333333333
327,Isaiah Mobley,3,55.56666667,16.66666667,0,5.666666667,2.333333333,1,0.333333333,1,1
228,Thaddeus Young,3,55.56666667,66.66666667,0,5.666666667,3.666666667,1.333333333,0.666666667,0,1
449,Jordan Walker,3,43.06666667,16.66666667,1.333333333,5.666666667,0.333333333,1.666666667,0.333333333,0,1
164,Aaron Holiday,3,63.9,33.33333333,0.666666667,5.666666667,4.666666667,3.333333333,0.333333333,0.333333333,0.666666667
387,Jordan Nwora,3,46.66666667,33.33333333,0.666666667,5.666666667,1.333333333,0.333333333,0.333333333,0.333333333,0.666666667
118,Danny Green,3,38.9,0,1.666666667,5.666666667,1,1.333333333,1.666666667,0.333333333,0.333333333
297,Dominick Barlow,3,38.9,66.66666667,0.333333333,5.666666667,2.333333333,1,0.333333333,0.333333333,0.333333333
252,Jaxson Hayes,5,86.66,46.66,0,5.6,4,2,0.6,0.8,1
452,Bruno Fernando,4,63.75,45,0,5.5,4.75,1.75,0.25,1.25,4
419,Cam Reddish,2,18.2,25,1,5.5,4,1,1,0.5,2
314,Tyrese Martin,2,58.35,16.65,0,5.5,4,2.5,1,0.5,1.5
601,Norman Powell,2,14.3,92.85,0,5.5,0.5,1,0.5,0,1.5
331,Justin Champagnie,2,50,25,0,5.5,6,2,0.5,1,1
305,Adama Sanogo,2,38.75,25,0,5.5,4,0.5,1,0.5,0.5
301,Joe Harris,2,58.35,0,1.5,5.5,0.5,1,0.5,0,0.5
423,DaQuan Jeffries,2,37.5,0,1.5,5.5,0.5,1.5,0,0,0.5
307,Derrick Jones Jr.,2,50,50,0,5.5,3,0,0.5,0.5,0
385,Malik Monk,3,24.06666667,55.56666667,0.666666667,5.333333333,1.666666667,3.333333333,1,0.333333333,2
353,Cason Wallace,3,42.86666667,41.66666667,0.666666667,5.333333333,2.666666667,2,1,0,1.333333333
593,Devonte' Graham,3,37.3,35.56666667,1.333333333,5.333333333,2.333333333,0.333333333,0.333333333,0,1.333333333
266,Goga Bitadze,3,43.33333333,33.33333333,0.666666667,5.333333333,3.333333333,0.666666667,0,1,1
330,Terance Mann,3,69.86666667,0,0,5.333333333,3.666666667,1.333333333,0.333333333,0,0.666666667
81,Matisse Thybulle,3,65,0,1.333333333,5.333333333,1.333333333,1,1.333333333,1,0.333333333
178,Jae'Sean Tate,3,58.33333333,53.33333333,0.333333333,5.333333333,4.333333333,1.333333333,1,0,0.333333333
410,Colby Jones,3,38.46666667,0,0.666666667,5.333333333,1.666666667,1.666666667,0.666666667,0,0.333333333
451,Jett Howard,3,29.16666667,0,1.333333333,5.333333333,1,0.333333333,0,0.333333333,0
376,Seth Lundy,4,44.65,25,1,5.25,1.5,0,0,0.5,0.75
220,Jay Huff,1,40,0,1,5,6,1,0,2,2
453,Maxwell Lewis,5,42,20,1,5,1,1.4,0.2,0.2,2
488,Keon Johnson,4,39.3,25,0.25,5,1,0.75,0.75,0,2
324,Kevin Love,2,16.65,50,1,5,5.5,1.5,0.5,0.5,1.5
597,Oshae Brissett,4,23.225,45,0.25,5,4.75,1,0,0,1.25
354,Quenton Jackson,3,55.56666667,66.66666667,0.666666667,5,1.333333333,1.333333333,0.333333333,0,1
91,Robert Covington,3,41.26666667,33.33333333,0.333333333,5,1.666666667,0.333333333,1.333333333,1.333333333,0.666666667
444,Luke Kennard,3,28.1,33.33333333,0.666666667,5,2,1.666666667,0,0.333333333,0.666666667
244,Javonte Smart,3,47.23333333,0,1.666666667,5,0.666666667,1.666666667,0.666666667,0,0.666666667
298,Keyontae Johnson,3,40,33.33333333,0.333333333,5,1,0.666666667,0.666666667,0.333333333,0.333333333
261,Filip Petrusev,3,80,33.33333333,0.333333333,5,3.333333333,1.666666667,0,0.333333333,0.333333333
392,Chris Livingston,3,75,50,0.333333333,5,1.333333333,0,0,0.333333333,0.333333333
351,A.J. Lawson,3,32.2,46.66666667,0.666666667,5,3.666666667,0,1,0.333333333,0
210,John Konchar,1,25,100,1,5,2,1,1,0,0
263,Kendric Davis,1,50,100,1,5,2,2,0,0,0
384,Javan Johnson,1,50,0,1,5,1,1,0,0,0
218,Colin Castleton,5,48,20,0,4.8,5.8,0.2,0.4,1.6,1
293,D'Moi Hodge,5,24.66,20,0.8,4.8,1.2,0.2,1.2,0.2,0.2
343,Nassir Little,4,37.075,25,0.75,4.75,3,1.5,0.75,0,0.25
509,Vasilije Micic,3,19.53333333,33.33333333,0.666666667,4.666666667,1.666666667,6,0.666666667,0,2.666666667
225,Mike Conley,3,72.23333333,66.66666667,1,4.666666667,1.333333333,2.666666667,1,0,1.666666667
345,Mouhamadou Gueye,3,77.76666667,45,0,4.666666667,3.666666667,1,0.666666667,0.333333333,1
147,Gary Payton II,3,44.46666667,16.66666667,0.333333333,4.666666667,2,1,1.333333333,0.666666667,0.333333333
356,Terquavion Smith,3,30.53333333,0,1.333333333,4.666666667,0.333333333,0.666666667,0.666666667,0.333333333,0.333333333
283,Dexter Dennis,3,39.53333333,16.66666667,1,4.666666667,1.333333333,0.333333333,1,0.333333333,0
162,Darius Days,3,66.66666667,50,1,4.666666667,2.333333333,0.333333333,1.333333333,0,0
374,Jordan Ford,3,60,33.33333333,0,4.666666667,1.333333333,0.666666667,0,0,0
599,Scotty Pippen Jr.,2,11.1,22.2,0.5,4.5,2.5,3.5,1.5,0,2
274,Steven Adams,2,75,25,0,4.5,5,0.5,0.5,1,1.5
206,Mason Plumlee,2,75,50,0,4.5,3,1.5,1,0,1
373,Wendell Moore Jr.,4,35.275,37.5,0.5,4.5,1.75,2.5,0.5,0.25,0.5
204,Torrey Craig,4,37.15,0,0.5,4.5,4,1.75,1,0.5,0.25
401,Day'Ron Sharpe,2,16.65,31.25,0,4.5,5,0.5,0,1,0
303,Jared Butler,2,75,50,0.5,4.5,2,1.5,0,0,0
165,Charles Bassey,3,45,16.66666667,0,4.333333333,7.666666667,2,0,2,1.666666667
412,Trevelin Queen,3,23.13333333,33.33333333,0.333333333,4.333333333,1.333333333,2.333333333,0.333333333,0.333333333,1.333333333
223,Jordan McLaughlin,3,47.76666667,0,1,4.333333333,1.333333333,2.666666667,1,0,0.666666667
510,Kevin Huerter,3,30.26666667,16.66666667,0.666666667,4.333333333,0.666666667,1,0.333333333,0,0.666666667
469,Julian Champagnie,3,15.13333333,43.33333333,0.666666667,4.333333333,4,1,0.333333333,0.666666667,0.333333333
287,Trey Jemison,4,70.825,12.5,0,4.25,6.75,1.5,0,0.75,1.5
464,Simone Fontecchio,4,20.475,37.5,1,4.25,2,1.25,0.25,0,0.75
393,Jalen Pickett,4,43.325,0,0.75,4.25,1.5,2,0,0.25,0.5
437,Jakob Poeltl,1,50,0,0,4,5,2,1,0,4
251,Naji Marshall,3,16.66666667,58.33333333,0.333333333,4,2,1.666666667,2.333333333,0,2.333333333
375,DeAndre Jordan,3,48.9,0,0,4,4,3.333333333,1,0,2
417,Kyle Lowry,2,50,0,1,4,2,4.5,0,0,2
609,Romeo Langford,1,66.7,0,0,4,0,2,0,0,2
496,Isaiah Jackson,3,33.3,75,0,4,3.333333333,0.666666667,0,0.666666667,1.666666667
407,Edmond Sumner,3,22.86666667,66.66666667,0.333333333,4,3,2,0.666666667,0.333333333,1.666666667
290,Josh Christopher,1,50,0,0,4,0,0,1,1,1
290,Josh Christopher,1,50,0,0,4,0,0,1,1,1
209,Kevon Looney,3,63.9,0,0,4,7.666666667,2,0.333333333,0.333333333,1
339,Boban Marjanovic,1,100,0,0,4,5,1,0,0,1
442,Jock Landale,1,33.3,100,0,4,4,0,0,0,1
399,Jack White,3,27.76666667,50,0.333333333,4,3,0.333333333,0.333333333,0.666666667,0.666666667
405,Matt Ryan,3,14.8,0,1.333333333,4,3.333333333,2.666666667,0.333333333,0,0.666666667
350,Joe Ingles,2,41.65,0,1,4,1.5,1,0,1,0.5
348,E.J. Liddell,4,41.65,12.5,0.5,4,3.5,1.25,0.5,0.25,0.5
371,Jalen Crutcher,2,37.5,0,1,4,0.5,2,0,0,0.5
585,Jalen Wilson,3,25,58.33333333,0.333333333,4,0.666666667,0.333333333,0,0,0.333333333
299,Omer Yurtseven,4,81.25,12.5,0.25,4,4.5,0.25,0.5,0.25,0.25
197,Jacob Toppin,1,33.3,100,0,4,2,0,0,2,0
87,Trayce Jackson-Davis,3,66.66666667,33.33333333,0,4,3,1,1,1.333333333,0
161,Jermaine Samuels Jr.,3,72.23333333,33.33333333,0,4,3,1.666666667,1,0,0
248,Makur Maker,1,25,100,0,4,3,1,1,0,0
426,Vit Krejci,1,100,50,1,4,2,1,0,0,0
402,Nate Williams,1,66.7,0,0,4,2,0,0,0,0
425,Charles Bediako,1,66.7,0,0,4,1,0,0,0,0
114,Jacob Gilyard,4,42.5,0,1.25,3.75,2.5,6,1.5,0.25,1.75
340,Moses Brown,4,40,37.5,0,3.75,4.25,0.25,0.5,1,1
432,Davion Mitchell,3,19.06666667,0,1,3.666666667,0.666666667,3.333333333,1,0,1.666666667
249,Udoka Azubuike,3,66.66666667,83.33333333,0,3.666666667,4.333333333,0.333333333,0,1.333333333,1
271,Alex Len,3,75,0,0.333333333,3.666666667,2,2.666666667,0,1.666666667,0.666666667
606,Olivier-Maxence Prosper,3,20,50,0,3.666666667,2.666666667,0.333333333,0,0,0.666666667
364,Sandro Mamukelashvili,3,61.1,0,1,3.666666667,1.333333333,0.333333333,0.333333333,0,0.333333333
199,Jonathan Isaac,3,20.63333333,38.9,0.666666667,3.666666667,1.333333333,0,1,2,0
396,Kaiser Gates,3,36.66666667,0,1,3.666666667,0.666666667,0.666666667,0,0,0
446,Sharife Cooper,2,41.65,50,0,3.5,3,4,0,0.5,2.5
511,Jalen Hood-Schifino,4,14.825,31.25,0.25,3.5,3.75,4,0.75,0.5,2
179,Russell Westbrook,2,37.5,0,0.5,3.5,5,5,1,0,2
404,Donovan Williams,2,37.5,0,0.5,3.5,2,0,0.5,0,1.5
203,Kelly Olynyk,4,27.5,62.5,0.25,3.5,3.75,3,0.75,0.75,1.25
397,Taylor Hendricks,4,33.325,25,0.5,3.5,2.5,0.25,0.5,0,1.25
56,Justin Minaya,2,20,50,0.5,3.5,3.5,3,2.5,0,1
306,Justin Holiday,4,25,0,1,3.5,0.75,1.25,1,0.5,0.75
457,JD Davison,2,37.5,50,0,3.5,1.5,2.5,0,0,0.5
598,Malcolm Hill,2,16.65,75,0.5,3.5,0.5,0.5,0,0,0.5
495,Bryson Williams,2,66.65,25,0,3.5,0.5,0,0,0.5,0
408,Kyle Anderson,3,50,0,0,3.333333333,1.333333333,5,0.333333333,0.666666667,1.333333333
143,Dereck Lively II,3,53.33333333,0,0,3.333333333,5,0.666666667,0.666666667,2,1
300,Frank Ntilikina,3,19.4,0,0.666666667,3.333333333,1.666666667,3.333333333,1.333333333,0.333333333,0.666666667
448,Jeremiah Robinson-Earl,3,23.6,33.33333333,0,3.333333333,3.666666667,2.333333333,0,0,0.333333333
414,Ricky Council IV,3,41.66666667,41.66666667,0,3.333333333,1.666666667,0.333333333,0.666666667,0,0
458,Bol Bol,4,53.75,0,0.25,3.25,2.5,0.5,0,0.5,1.75
580,Rayan Rupert,4,29.175,25,0.25,3.25,2.25,1,0.25,0,1.25
357,Luke Kornet,4,75,50,0,3.25,2.5,1.75,0,0.5,1
380,Luka Samanic,4,56.25,12.5,0.5,3.25,2.25,0.75,0.5,0.25,0.25
243,Delon Wright,2,62.5,50,0,3,1.5,4.5,1.5,0.5,3
359,Jules Bernard,1,50,0,1,3,3,0,1,0,2
507,Bryce McGowens,2,20,50,0,3,1,1,0,0.5,1.5
471,Josh Hart,1,50,0,1,3,1,1,0,0,1
501,Sam Merrill,3,14.06666667,0,1,3,1.666666667,1.333333333,0.333333333,0,0.666666667
443,Julian Phillips,4,18.75,31.25,0.25,3,2.25,0.25,0.25,0.75,0.5
435,Amida Brimah,2,50,50,0,3,1,0,0.5,0.5,0.5
481,Brandon Williams,2,20,0,1,3,1,0,1,0,0.5
277,Olivier Sarr,3,36.1,0,0.333333333,3,3.666666667,1.333333333,0.333333333,0.333333333,0.333333333
413,Markieff Morris,1,33.3,0,1,3,1,2,1,1,0
484,Ron Harper Jr.,1,0,75,0,3,0,1,0,1,0
322,Dennis Smith Jr.,2,16.65,50,0,3,0.5,1.5,1,0,0
389,Trevor Hudgins,2,50,0,1,3,0,2.5,0,0,0
483,Caleb Houstan,1,25,0,1,3,1,1,0,0,0
450,Justin Powell,1,50,0,1,3,0,0,0,0,0
289,Dalen Terry,4,17.5,0,0.25,2.75,2.75,1.75,1.25,0.5,0.75
579,Carlik Jones,3,19.43333333,16.66666667,0.333333333,2.666666667,1.333333333,2,0.333333333,0,0.666666667
276,Jordan Miller,3,38.9,0,0,2.666666667,1.333333333,1.333333333,0.666666667,0.333333333,0
326,Chuma Okeke,3,21.66666667,0,0.666666667,2.666666667,2,1,0.666666667,0.333333333,0
478,Robin Lopez,4,18.75,16.675,0,2.5,1.5,1.5,0.25,1.25,1.75
465,Trevor Keels,2,14.3,0,0.5,2.5,0.5,2,1,0,1.5
441,Jordan Walsh,2,20,25,0,2.5,4.5,0,1,0,1
227,Kenrich Williams,2,20,0,0.5,2.5,3,4,0.5,1,0.5
582,Jeff Green,2,37.5,16.65,0,2.5,2,2,0,0.5,0.5
460,Wenyen Gabriel,2,50,25,0,2.5,2.5,0.5,0.5,0,0.5
474,Admiral Schofield,2,25,0,0.5,2.5,3,0.5,0,0,0.5
258,Mac McClung,2,100,50,0,2.5,1,1,0.5,0.5,0
500,Jaylen Nowell,2,16.65,50,0.5,2.5,0.5,0.5,0,0,0
388,Alex Fudge,5,40,10,0.2,2.4,2,0.2,0.4,0.4,0.2
586,Anthony Black,3,20,8.333333333,0,2.333333333,2.333333333,0.666666667,0.666666667,0.333333333,1
439,David Duke Jr.,3,16.66666667,66.66666667,0.333333333,2.333333333,1,0.666666667,0.333333333,0,0.666666667
595,Mo Bamba,3,11.1,0,0.333333333,2.333333333,3.333333333,0.333333333,0.333333333,0,0.666666667
268,Daniel Theis,1,0,100,0,2,5,0,1,2,3
602,Kyrie Irving,1,16.7,0,0,2,1,2,0,1,2
470,Markquis Nowell,2,25,0,0,2,1,2.5,0.5,0.5,2
603,Drew Peterson,1,20,0,0,2,5,1,0,0,2
513,Kendall Brown,2,25,0,0,2,2,1,0,0.5,1.5
479,Garrett Temple,2,25,50,0,2,1,0.5,0,0.5,1
473,Kessler Edwards,3,16.66666667,16.66666667,0.333333333,2,3,0.666666667,0.666666667,0,1
390,Cheick Diallo,2,25,50,0,2,4,1,0.5,0,1
504,Jared Rhoden,1,50,0,0,2,2,1,0,0,1
581,Zavier Simpson,1,33.3,0,0,2,2,1,0,0,1
398,Tristan Thompson,3,44.43333333,16.66666667,0,2,4,1.666666667,0.333333333,0.333333333,0.666666667
498,Greg Brown III,2,20,0,0,2,3.5,0,0,1,0.5
482,Rudy Gay,2,25,0,0,2,3.5,0.5,0.5,0,0.5
30,George Conditt IV,1,50,0,0,2,3,0,2,2,0
308,Nikola Jovic,1,0,100,0,2,2,1,0,1,0
508,Nathan Knight,2,50,50,0,2,0.5,0.5,0,0.5,0
152,Anthony Gill,1,0,100,0,2,1,3,2,0,0
418,Oscar Tshiebwe,2,50,50,0,2,1,0.5,0,0,0
440,Xavier Cooks,1,50,0,0,2,3,0,0,0,0
605,Justin Lewis,2,41.65,0,0,2,1.5,0,0,0,0
583,Landers Nolley II,1,33.3,0,0,2,0,0,0,0,0
429,Lindell Wigginton,3,4.766666667,20,0,1.666666667,2.333333333,2.666666667,1.333333333,0.666666667,2.333333333
475,Marques Bolden,3,33.33333333,50,0,1.666666667,3.666666667,0,0.333333333,0.666666667,1.333333333
436,Wesley Matthews,3,33.33333333,0,0.333333333,1.666666667,3,1,0,0.333333333,0.666666667
431,Matt Hurt,2,12.5,0,0.5,1.5,1.5,0.5,1,0,1
372,Jamorko Pickett,2,50,0,0.5,1.5,0.5,0.5,1,0,1
494,Reggie Bullock,2,12.5,0,0.5,1.5,0.5,0.5,0.5,0,0.5
587,DJ Steward,2,12.5,0,0.5,1.5,1,0,0,0,0.5
596,Mychal Mulder,2,12.5,0,0.5,1.5,1,0,0,0,0.5
584,Drew Timme,2,25,25,0,1.5,1,0.5,0,0,0
445,Matthew Mayer,2,50,0,0.5,1.5,1,0,0,0,0
505,Nate Hinton,2,25,0,0.5,1.5,1,0,0,0,0
168,Jericho Sims,3,50,0,0,1.333333333,6.333333333,2,0.333333333,1.333333333,0.666666667
575,Isaiah Wong,3,16.66666667,33.33333333,0,1.333333333,0.666666667,1.333333333,0,0,0.666666667
362,Jalen Slawson,3,25,0,0,1.333333333,1.666666667,1,0.666666667,0.333333333,0.333333333
491,Maxi Kleber,3,44.43333333,0,0,1.333333333,3,0,0,0,0.333333333
492,Pete Nance,2,0,50,0,1,1,0,0,0.5,1
578,Nathan Mensah,3,33.33333333,16.66666667,0,1,1.666666667,0,0,0,0.333333333
427,Usman Garuba,2,50,0,0,1,1.5,0,0,0.5,0
576,RJ Hunter,3,4.766666667,0,0.333333333,1,1.666666667,0,0.333333333,0,0
433,Joe Wieskamp,3,33.33333333,0,0.333333333,1,0,0,0.333333333,0,0
590,Max Heidegger,1,0,100,0,1,0,0,0,0,0
574,Patty Mills,4,5,0,0.25,0.75,0.75,1,0.5,0,0.75
367,Shaquille Harrison,3,0,16.66666667,0,0.666666667,3,0.333333333,1,0.666666667,0.666666667
604,Amari Bailey,3,0,16.66666667,0,0.666666667,0,0,0,0,0.666666667
462,Richaun Holmes,3,33.33333333,0,0,0.666666667,2.666666667,0,0.333333333,0.333333333,0.333333333
420,Miles Norris,3,8.333333333,0,0,0.666666667,1.333333333,1,0.666666667,0,0.333333333
355,Zhaire Smith,3,0,33.33333333,0,0.666666667,1.666666667,0.666666667,1,0,0
489,Khem Birch,1,0,0,0,0,4,2,0,1,2
588,R.J. Hampton,1,0,0,0,0,3,3,0,0,2
608,Jazian Gortman,1,0,0,0,0,0,1,0,0,2
270,Izaiah Brockington,1,0,0,0,0,0,0,2,0,1
270,Izaiah Brockington,1,0,0,0,0,0,0,2,0,1
415,Danuel House Jr.,1,0,0,0,0,5,1,1,0,1
592,Malcolm Cazalon,1,0,0,0,0,1,0,0,0,1
607,Tevian Jones,1,0,0,0,0,0,0,0,0,1
317,P.J. Tucker,2,0,0,0,0,3,2,1,0.5,0.5
589,D.J. Wilson,2,0,0,0,0,1.5,1,0,0,0.5
466,Sidy Cissoko,3,0,0,0,0,1,1.333333333,0,0.666666667,0.333333333
370,Vincent Valerio-Bodon,1,0,0,0,0,2,0,0,1,0
323,Chase Audige,1,0,0,0,0,1,1,1,0,0
422,Deonte Burton,1,0,0,0,0,0,1,1,0,0
455,Au'Diese Toney,1,0,0,0,0,1,2,0,0,0
591,Ryan Arcidiacono,1,0,0,0,0,4,1,0,0,0
499,Henri Drell,1,0,0,0,0,0,1,0,0,0
577,Charlie Brown Jr.,2,0,0,0,0,0,0.5,0,0,0
502,Omari Moore,1,0,0,0,0,1,0,0,0,0
502,Brandon Boston Jr.,1,0,0,0,0,1,0,0,0,0
594,Damion Baugh,1,0,0,0,0,1,0,0,0,0
514,Mike Miles Jr.,0,0,0,0,0,0,0,0,0,0
514,Jaylen Clark,0,0,0,0,0,0,0,0,0,0
514,Draymond Green,0,0,0,0,0,0,0,0,0,0
514,Cory Joseph,0,0,0,0,0,0,0,0,0,0
514,Rodney McGruder,0,0,0,0,0,0,0,0,0,0
514,Lonzo Ball,0,0,0,0,0,0,0,0,0,0
514,Khris Middleton,0,0,0,0,0,0,0,0,0,0
514,Damion Lee,0,0,0,0,0,0,0,0,0,0
514,Ish Wainright,0,0,0,0,0,0,0,0,0,0
514,Tosan Evbuomwan,2,0,0,0,0,0,0,0,0,0
514,Buddy Boeheim,0,0,0,0,0,0,0,0,0,0
514,Bojan Bogdanovic,0,0,0,0,0,0,0,0,0,0
514,Isaiah Livers,0,0,0,0,0,0,0,0,0,0
514,Joel Embiid,0,0,0,0,0,0,0,0,0,0
514,James Harden,0,0,0,0,0,0,0,0,0,0
514,Montrezl Harrell,0,0,0,0,0,0,0,0,0,0
514,Furkan Korkmaz,0,0,0,0,0,0,0,0,0,0
514,Azuolas Tubelis,0,0,0,0,0,0,0,0,0,0
514,Jay Scrubb,0,0,0,0,0,0,0,0,0,0
514,Andrew Nembhard,0,0,0,0,0,0,0,0,0,0
514,Brandon Clarke,0,0,0,0,0,0,0,0,0,0
514,Ja Morant,0,0,0,0,0,0,0,0,0,0
514,Joey Hauser,0,0,0,0,0,0,0,0,0,0
514,Taevion Kinsey,0,0,0,0,0,0,0,0,0,0
514,Nick Ongenda,0,0,0,0,0,0,0,0,0,0
514,Marcus Morris Sr.,0,0,0,0,0,0,0,0,0,0
514,Joshua Primo,0,0,0,0,0,0,0,0,0,0
514,Brodric Thomas,0,0,0,0,0,0,0,0,0,0
514,Jaylen Martin,1,0,0,0,0,0,0,0,0,0
514,Duane Washington Jr.,0,0,0,0,0,0,0,0,0,0
514,Cameron Johnson,0,0,0,0,0,0,0,0,0,0
514,Dariq Whitehead,0,0,0,0,0,0,0,0,0,0
514,Leaky Black,0,0,0,0,0,0,0,0,0,0
514,James Bouknight,0,0,0,0,0,0,0,0,0,0
514,Theo Maledon,0,0,0,0,0,0,0,0,0,0
514,Cody Martin,0,0,0,0,0,0,0,0,0,0
514,Jimmy Butler,0,0,0,0,0,0,0,0,0,0
514,Marcus Smart,0,0,0,0,0,0,0,0,0,0
514,Kevon Harris,0,0,0,0,0,0,0,0,0,0
514,Jose Alvarado,0,0,0,0,0,0,0,0,0,0
514,Trey Murphy III,0,0,0,0,0,0,0,0,0,0
514,Larry Nance Jr.,0,0,0,0,0,0,0,0,0,0
514,Liam Robbins,0,0,0,0,0,0,0,0,0,0
514,Cody Zeller,0,0,0,0,0,0,0,0,0,0
514,Nate Darling,0,0,0,0,0,0,0,0,0,0
514,Souley Boum,0,0,0,0,0,0,0,0,0,0
514,Vlatko Cancar,0,0,0,0,0,0,0,0,0,0
514,Armaan Franklin,1,0,0,0,0,0,0,0,0,0
514,Ibou Badji,0,0,0,0,0,0,0,0,0,0
514,John Butler Jr.,0,0,0,0,0,0,0,0,0,0
514,Robert Williams III,0,0,0,0,0,0,0,0,0,0
514,Chance Comanche,0,0,0,0,0,0,0,0,0,0
514,Michael Foster Jr.,0,0,0,0,0,0,0,0,0,0
514,Jarrett Allen,0,0,0,0,0,0,0,0,0,0
514,Ricky Rubio,0,0,0,0,0,0,0,0,0,0
514,Monte Morris,0,0,0,0,0,0,0,0,0,0
514,Jontay Porter,0,0,0,0,0,0,0,0,0,0
514,Kevin Porter Jr.,0,0,0,0,0,0,0,0,0,0
514,Grant Golden,0,0,0,0,0,0,0,0,0,0
600,Dylan Windler,1,0,0,0,0,0,0,0,0,0
